visitTimestampUTC,localTime,timezone,timeOffset,userAgent,platform,languages,cpuCores,deviceMemoryGB,cookieEnabled,doNotTrack,referrer,pageURL,screenResolution,availableScreen,colorDepth,pixelDepth,refreshRate,gpuVendor,gpuRenderer,gpuDriver,battery,timeOnPageSec,ip,city,region,country,latitude,longitude,org,localIPs,timestamp,browser,gpu,cpu,adblock,incognito,privateMode,vpnDetected,torDetected,totalTime,cpuBrand,vpn,tor,collectionTimeMs,language,javaEnabled,protocol,host,pathname,screenOrientation,pixelRatio,deviceMemory,batteryLevel,batteryCharging,batteryChargingTime,batteryDischargingTime,countryCode,isp,timezone_ip,allIPs,ipCount,hasLocalIPs,hasPublicIPs,adblockDetected,incognitoMode,vpnConfidence,torConfidence,torReasons,audioInputDevices,videoInputDevices,audioOutputDevices,mediaDevicesList,canvasFingerprint,webglFingerprint,audioFingerprint,connectionType,connectionDownlink,connectionRTT,pluginCount,plugins,performanceMemory,webgl,webgl2,webrtc,mediaDevicesAPI,geolocationAPI,notificationAPI,serviceWorker,webAssembly,sessionId,visitId
"2025-07-31T09:48:35.882Z","Thu Jul 31 2025 02:48:35 GMT-0700 (Pacific Daylight Time)","America/Los_Angeles","420","Mozilla/5.0 (Windows NT 10.0; Win64; x64) AppleWebKit/537.36 (KHTML, like Gecko) Chrome/138.0.0.0 Safari/537.36 Edg/138.0.0.0","Win32","en-US","12","8","true","1","direct","https://rutujdhodapkar.vercel.app/","1536x864","1536x816","24","24","unknown","Google Inc. (AMD)","ANGLE (AMD, AMD Radeon(TM) Graphics (0x00001638) Direct3D11 vs_5_0 ps_5_0, D3D11)","WebGL 1.0 (OpenGL ES 2.0 Chromium)","{""level"":99,""charging"":false,""chargingTime"":null,""dischargingTime"":8277}","2.7","2401:4900:8f56:57fe:4cfc:c70a:bc5b:d4d0","Indore","Madhya Pradesh","IN","22.717","75.8337","Bharti Airtel Ltd., Telemedia Services","","1753955315901","Not)A;Brand 8;Chromium 138;Microsoft Edge 138","{""vendor"":""Google Inc. (AMD)"",""renderer"":""ANGLE (AMD, AMD Radeon(TM) Graphics (0x00001638) Direct3D11 vs_5_0 ps_5_0, D3D11)"",""driver"":""WebGL 1.0 (OpenGL ES 2.0 Chromium)""}","Apple Silicon","","","","","","2.7","unknown","no","no","1991","en-US","","https:","rutujdhodapkar.vercel.app","/","landscape-primary","1.25","8GB","99","","Infinity","8277","IN","unknown","Asia/Kolkata","e:1479537926;e:3446278283;122.170.199.206;e:3284713282;e:3876458008;e:502366444;e:2293529953;e:2249640616;e:2731572210;e:3178201537;e:673872972;e:38697695;e:646499205;e:770407422;e:3098445427;e:3054252474;e:2462744800;e:1515147814;e:2700631534;e:3653740262;e:2882886165;e:631086354;e:2966970527;e:3195721558","24","","true","","","low","low","","1","1","1","audioinput:unnamed;videoinput:unnamed;audiooutput:unnamed","2814fa09","1b4c24c2","timeout","4g","1.55","250","5","PDF Viewer;Chrome PDF Viewer;Chromium PDF Viewer;Microsoft Edge PDF Viewer;WebKit built-in PDF","[object Object]","true","true","true","true","true","true","true","true","uo87fi4c5","1753955315901_miyg8"
"2025-07-31T09:48:38.162Z","Thu Jul 31 2025 02:48:38 GMT-0700 (Pacific Daylight Time)","America/Los_Angeles","420","Mozilla/5.0 (Windows NT 10.0; Win64; x64) AppleWebKit/537.36 (KHTML, like Gecko) Chrome/138.0.0.0 Safari/537.36 Edg/138.0.0.0","Win32","en-US","12","8","true","1","direct","https://rutujdhodapkar.vercel.app/","1536x864","1536x816","24","24","unknown","Google Inc. (AMD)","ANGLE (AMD, AMD Radeon(TM) Graphics (0x00001638) Direct3D11 vs_5_0 ps_5_0, D3D11)","WebGL 1.0 (OpenGL ES 2.0 Chromium)","{""level"":99,""charging"":false,""chargingTime"":null,""dischargingTime"":8277}","5.0","2401:4900:8f56:57fe:4cfc:c70a:bc5b:d4d0","Indore","Madhya Pradesh","IN","22.717","75.8337","Bharti Airtel Ltd., Telemedia Services","","1753955318175","Not)A;Brand 8;Chromium 138;Microsoft Edge 138","{""vendor"":""Google Inc. (AMD)"",""renderer"":""ANGLE (AMD, AMD Radeon(TM) Graphics (0x00001638) Direct3D11 vs_5_0 ps_5_0, D3D11)"",""driver"":""WebGL 1.0 (OpenGL ES 2.0 Chromium)""}","Apple Silicon","","","","","","5.0","unknown","no","no","1257","en-US","","https:","rutujdhodapkar.vercel.app","/","landscape-primary","1.25","8GB","99","","Infinity","8277","IN","unknown","Asia/Kolkata","e:2022517235;e:3989361790;122.170.199.206;e:3815400375;e:3349992173;e:451015811;e:3763796811;e:3950771376;e:2573795395;e:4103460956;e:237164436;e:1998400668;e:84922479;e:3729283805;e:1259186000;e:1169100953;e:1634312643;e:1150584087;e:3190000351;e:3340530135;e:3037629732;e:2731228905;e:1484534049;e:558090793","24","","true","","","low","low","","1","1","1","audioinput:unnamed;videoinput:unnamed;audiooutput:unnamed","2814fa09","1b4c24c2","timeout","4g","1.55","250","5","PDF Viewer;Chrome PDF Viewer;Chromium PDF Viewer;Microsoft Edge PDF Viewer;WebKit built-in PDF","[object Object]","true","true","true","true","true","true","true","true","738839vim","1753955318176_25d0r"
"2025-07-31T09:48:35.924Z","Thu Jul 31 2025 02:48:35 GMT-0700 (Pacific Daylight Time)","America/Los_Angeles","420","Mozilla/5.0 (Windows NT 10.0; Win64; x64) AppleWebKit/537.36 (KHTML, like Gecko) Chrome/138.0.0.0 Safari/537.36 Edg/138.0.0.0","Win32","en-US","12","8","true","1","direct","https://rutujdhodapkar.vercel.app/","1536x864","1536x816","24","24","unknown","Google Inc. (AMD)","ANGLE (AMD, AMD Radeon(TM) Graphics (0x00001638) Direct3D11 vs_5_0 ps_5_0, D3D11)","WebGL 1.0 (OpenGL ES 2.0 Chromium)","{""level"":99,""charging"":false,""chargingTime"":null,""dischargingTime"":8277}","2.7","2401:4900:8f56:57fe:4cfc:c70a:bc5b:d4d0","Indore","Madhya Pradesh","IN","22.717","75.8337","Bharti Airtel Ltd., Telemedia Services","","1753955315938","Not)A;Brand 8;Chromium 138;Microsoft Edge 138","{""vendor"":""Google Inc. (AMD)"",""renderer"":""ANGLE (AMD, AMD Radeon(TM) Graphics (0x00001638) Direct3D11 vs_5_0 ps_5_0, D3D11)"",""driver"":""WebGL 1.0 (OpenGL ES 2.0 Chromium)""}","Apple Silicon","","","","","","2.7","unknown","no","no","1636","en-US","","https:","rutujdhodapkar.vercel.app","/","landscape-primary","1.25","8GB","99","","Infinity","8277","IN","unknown","Asia/Kolkata","e:4079573982;e:161371158;122.170.199.206;e:1889644318;e:45306861;e:2799504879;e:1550451239;e:626391343;e:1464272348;e:2628753647;e:1712887591;e:522677295;e:1832227036;e:2268043104;e:2107152552;e:1991614291;e:78078880;e:1407254469;e:2841112589;e:3496479493;e:2725967862;e:2647208205;e:1736326853;e:507626957","24","","true","","","low","low","","1","1","1","audioinput:unnamed;videoinput:unnamed;audiooutput:unnamed","2814fa09","1b4c24c2","timeout","4g","1.55","250","5","PDF Viewer;Chrome PDF Viewer;Chromium PDF Viewer;Microsoft Edge PDF Viewer;WebKit built-in PDF","[object Object]","true","true","true","true","true","true","true","true","hiplqexw0","1753955315938_coky3"
"2025-08-01T06:17:58.167Z","Thu Jul 31 2025 23:17:58 GMT-0700 (Pacific Daylight Time)","America/Los_Angeles","420","Mozilla/5.0 (Windows NT 10.0; Win64; x64) AppleWebKit/537.36 (KHTML, like Gecko) Chrome/138.0.0.0 Safari/537.36 Edg/138.0.0.0","Win32","en-US","12","8","true","1","https://www.linkedin.com/","https://rutujdhodapkar.vercel.app/","1536x864","1536x816","24","24","unknown","Google Inc. (AMD)","ANGLE (AMD, AMD Radeon(TM) Graphics (0x00001638) Direct3D11 vs_5_0 ps_5_0, D3D11)","WebGL 1.0 (OpenGL ES 2.0 Chromium)","{""level"":49,""charging"":false,""chargingTime"":null,""dischargingTime"":5809}","2.6","2401:4900:8f56:57fe:d4fc:bfe4:e4fb:2ebf","Indore","Madhya Pradesh","IN","22.717","75.8337","Bharti Airtel Ltd., Telemedia Services","","1754029078181","Not)A;Brand 8;Chromium 138;Microsoft Edge 138","{""vendor"":""Google Inc. (AMD)"",""renderer"":""ANGLE (AMD, AMD Radeon(TM) Graphics (0x00001638) Direct3D11 vs_5_0 ps_5_0, D3D11)"",""driver"":""WebGL 1.0 (OpenGL ES 2.0 Chromium)""}","Apple Silicon","","","","","","2.6","unknown","no","no","1861","en-US","","https:","rutujdhodapkar.vercel.app","/","landscape-primary","1.25","8GB","49","","Infinity","5809","IN","unknown","Asia/Kolkata","e:353237478;e:3882843118;122.170.198.110;e:3766867630;e:2459380317;e:1350813895;e:2732673743;e:2769020815;e:3608746876;e:1334480094;e:3186101974;e:3120735126;e:3356516197;e:3068223302;e:3100161526;e:3457359563;e:3939872657;e:2211247039;e:2380601615;e:4215190066;e:3757572968;e:849915183;e:3234475815;e:3340796519","24","","true","","","low","low","","1","1","1","audioinput:unnamed;videoinput:unnamed;audiooutput:unnamed","2814fa09","1b4c24c2","timeout","4g","4.9","150","5","PDF Viewer;Chrome PDF Viewer;Chromium PDF Viewer;Microsoft Edge PDF Viewer;WebKit built-in PDF","[object Object]","true","true","true","true","true","true","true","true","t7lzvai9k","1754029078182_0uzod"
"2025-08-01T06:18:27.160Z","Thu Jul 31 2025 23:18:27 GMT-0700 (Pacific Daylight Time)","America/Los_Angeles","420","Mozilla/5.0 (Windows NT 10.0; Win64; x64) AppleWebKit/537.36 (KHTML, like Gecko) Chrome/138.0.0.0 Safari/537.36 Edg/138.0.0.0","Win32","en-US","12","8","true","1","https://www.linkedin.com/","https://rutujdhodapkar.vercel.app/","1536x864","1536x816","24","24","unknown","Google Inc. (AMD)","ANGLE (AMD, AMD Radeon(TM) Graphics (0x00001638) Direct3D11 vs_5_0 ps_5_0, D3D11)","WebGL 1.0 (OpenGL ES 2.0 Chromium)","{""level"":49,""charging"":false,""chargingTime"":null,""dischargingTime"":5809}","31.6","2401:4900:8f56:57fe:d4fc:bfe4:e4fb:2ebf","Indore","Madhya Pradesh","IN","22.717","75.8337","Bharti Airtel Ltd., Telemedia Services","","1754029107173","Not)A;Brand 8;Chromium 138;Microsoft Edge 138","{""vendor"":""Google Inc. (AMD)"",""renderer"":""ANGLE (AMD, AMD Radeon(TM) Graphics (0x00001638) Direct3D11 vs_5_0 ps_5_0, D3D11)"",""driver"":""WebGL 1.0 (OpenGL ES 2.0 Chromium)""}","Apple Silicon","","","","","","31.6","unknown","no","no","1756","en-US","","https:","rutujdhodapkar.vercel.app","/","landscape-primary","1.25","8GB","49","","Infinity","5809","IN","unknown","Asia/Kolkata","e:3115894527;e:3079744591;e:3851171368;122.170.198.110;e:3242887026;e:2903688563;e:1601193851;e:1486547515;e:713561800;e:616014415;e:3604291655;e:3510603015;e:2737664500;e:1541997294;e:1438705758;e:588989283;e:131985977;e:987829065;e:885586425;e:1725293470;e:1108562628;e:3459976711;e:1012501519;e:1001595215","24","","true","","","low","low","","1","1","1","audioinput:unnamed;videoinput:unnamed;audiooutput:unnamed","2814fa09","1b4c24c2","timeout","4g","4.9","150","5","PDF Viewer;Chrome PDF Viewer;Chromium PDF Viewer;Microsoft Edge PDF Viewer;WebKit built-in PDF","[object Object]","true","true","true","true","true","true","true","true","wxf7e5qql","1754029107173_f5ry2"
"2025-08-01T06:18:41.912Z","Thu Jul 31 2025 23:18:41 GMT-0700 (Pacific Daylight Time)","America/Los_Angeles","420","Mozilla/5.0 (Windows NT 10.0; Win64; x64) AppleWebKit/537.36 (KHTML, like Gecko) Chrome/138.0.0.0 Safari/537.36 Edg/138.0.0.0","Win32","en-US","12","8","true","1","https://www.linkedin.com/","https://rutujdhodapkar.vercel.app/","1536x864","1536x816","24","24","unknown","Google Inc. (AMD)","ANGLE (AMD, AMD Radeon(TM) Graphics (0x00001638) Direct3D11 vs_5_0 ps_5_0, D3D11)","WebGL 1.0 (OpenGL ES 2.0 Chromium)","{""level"":49,""charging"":false,""chargingTime"":null,""dischargingTime"":5809}","46.3","2401:4900:8f56:57fe:d4fc:bfe4:e4fb:2ebf","Indore","Madhya Pradesh","IN","22.717","75.8337","Bharti Airtel Ltd., Telemedia Services","","1754029121924","Not)A;Brand 8;Chromium 138;Microsoft Edge 138","{""vendor"":""Google Inc. (AMD)"",""renderer"":""ANGLE (AMD, AMD Radeon(TM) Graphics (0x00001638) Direct3D11 vs_5_0 ps_5_0, D3D11)"",""driver"":""WebGL 1.0 (OpenGL ES 2.0 Chromium)""}","Apple Silicon","","","","","","46.3","unknown","no","no","1186","en-US","","https:","rutujdhodapkar.vercel.app","/","landscape-primary","1.25","8GB","49","","Infinity","5809","IN","unknown","Asia/Kolkata","e:2124612451;e:1888152019;122.170.198.110;e:105988846;e:580383668;e:3072069134;e:1165921286;e:1117004102;e:814144949;e:107171366;e:4093758510;e:4092289390;e:2180619677;e:1114101596;e:2953139540;e:3085957140;e:3321693415;e:73348647;e:175561879;e:2091743146;e:1483458288;e:426172250;e:391067114;e:1637129943","24","","true","","","low","low","","1","1","1","audioinput:unnamed;videoinput:unnamed;audiooutput:unnamed","2814fa09","1b4c24c2","timeout","4g","4.9","150","5","PDF Viewer;Chrome PDF Viewer;Chromium PDF Viewer;Microsoft Edge PDF Viewer;WebKit built-in PDF","[object Object]","true","true","true","true","true","true","true","true","t1dp4hek1","1754029121924_478qt"
"2025-08-01T06:18:43.320Z","Thu Jul 31 2025 23:18:43 GMT-0700 (Pacific Daylight Time)","America/Los_Angeles","420","Mozilla/5.0 (Windows NT 10.0; Win64; x64) AppleWebKit/537.36 (KHTML, like Gecko) Chrome/138.0.0.0 Safari/537.36 Edg/138.0.0.0","Win32","en-US","12","8","true","1","https://www.linkedin.com/","https://rutujdhodapkar.vercel.app/","1536x864","1536x816","24","24","unknown","Google Inc. (AMD)","ANGLE (AMD, AMD Radeon(TM) Graphics (0x00001638) Direct3D11 vs_5_0 ps_5_0, D3D11)","WebGL 1.0 (OpenGL ES 2.0 Chromium)","{""level"":49,""charging"":false,""chargingTime"":null,""dischargingTime"":5809}","47.7","2401:4900:8f56:57fe:d4fc:bfe4:e4fb:2ebf","Indore","Madhya Pradesh","IN","22.717","75.8337","Bharti Airtel Ltd., Telemedia Services","","1754029123330","Not)A;Brand 8;Chromium 138;Microsoft Edge 138","{""vendor"":""Google Inc. (AMD)"",""renderer"":""ANGLE (AMD, AMD Radeon(TM) Graphics (0x00001638) Direct3D11 vs_5_0 ps_5_0, D3D11)"",""driver"":""WebGL 1.0 (OpenGL ES 2.0 Chromium)""}","Apple Silicon","","","","","","47.7","unknown","no","no","1138","en-US","","https:","rutujdhodapkar.vercel.app","/","landscape-primary","1.25","8GB","49","","Infinity","5809","IN","unknown","Asia/Kolkata","e:3936632633;e:3834500489;122.170.198.110;e:2455142068;e:3062943726;e:817710362;e:1049931690;e:1213138071;e:1820964301;e:2780714354;e:1474090874;e:1345747514;e:572819145;e:2423788258;e:2656172114;e:3427590709;e:3901379439;e:913658990;e:3289896550;e:2985265109;e:3288169254;e:1545779752;e:1376473240;e:617675685","24","","true","","","low","low","","1","1","1","audioinput:unnamed;videoinput:unnamed;audiooutput:unnamed","2814fa09","1b4c24c2","timeout","4g","4.9","150","5","PDF Viewer;Chrome PDF Viewer;Chromium PDF Viewer;Microsoft Edge PDF Viewer;WebKit built-in PDF","[object Object]","true","true","true","true","true","true","true","true","8oalobv6q","1754029123330_tncod"
"2025-08-01T06:19:02.392Z","Thu Jul 31 2025 23:19:02 GMT-0700 (Pacific Daylight Time)","America/Los_Angeles","420","Mozilla/5.0 (Windows NT 10.0; Win64; x64) AppleWebKit/537.36 (KHTML, like Gecko) Chrome/138.0.0.0 Safari/537.36 Edg/138.0.0.0","Win32","en-US","12","8","true","1","https://www.linkedin.com/","https://rutujdhodapkar.vercel.app/","1536x864","1536x816","24","24","unknown","Google Inc. (AMD)","ANGLE (AMD, AMD Radeon(TM) Graphics (0x00001638) Direct3D11 vs_5_0 ps_5_0, D3D11)","WebGL 1.0 (OpenGL ES 2.0 Chromium)","{""level"":49,""charging"":false,""chargingTime"":null,""dischargingTime"":5809}","66.8","2401:4900:8f56:57fe:d4fc:bfe4:e4fb:2ebf","Indore","Madhya Pradesh","IN","22.717","75.8337","Bharti Airtel Ltd., Telemedia Services","","1754029142412","Not)A;Brand 8;Chromium 138;Microsoft Edge 138","{""vendor"":""Google Inc. (AMD)"",""renderer"":""ANGLE (AMD, AMD Radeon(TM) Graphics (0x00001638) Direct3D11 vs_5_0 ps_5_0, D3D11)"",""driver"":""WebGL 1.0 (OpenGL ES 2.0 Chromium)""}","Apple Silicon","","","","","","66.8","unknown","no","no","1145","en-US","","https:","rutujdhodapkar.vercel.app","/","landscape-primary","1.25","8GB","49","","Infinity","5809","IN","unknown","Asia/Kolkata","e:1415949798;e:2785488878;122.170.198.110;e:2716697262;e:3556736605;e:2339648361;e:2348184890;e:211758142;e:419715832;e:2957876124;e:1110382996;e:1170584788;e:936855591;e:2861989176;e:1492451120;e:755805827;e:1595822704;e:938260122;e:969235498;e:1327429399;e:1809335885;e:674812891;e:3663352275;e:3719363731","24","","true","","","low","low","","1","1","1","audioinput:unnamed;videoinput:unnamed;audiooutput:unnamed","2814fa09","1b4c24c2","timeout","4g","4.9","150","5","PDF Viewer;Chrome PDF Viewer;Chromium PDF Viewer;Microsoft Edge PDF Viewer;WebKit built-in PDF","[object Object]","true","true","true","true","true","true","true","true","ibanspce1","1754029142412_ehenz"
"2025-08-01T06:19:57.768Z","Thu Jul 31 2025 23:19:57 GMT-0700 (Pacific Daylight Time)","America/Los_Angeles","420","Mozilla/5.0 (Windows NT 10.0; Win64; x64) AppleWebKit/537.36 (KHTML, like Gecko) Chrome/138.0.0.0 Safari/537.36 Edg/138.0.0.0","Win32","en-US","12","8","true","1","https://www.linkedin.com/","https://rutujdhodapkar.vercel.app/","864x1536","864x1488","24","24","unknown","Google Inc. (AMD)","ANGLE (AMD, AMD Radeon(TM) Graphics (0x00001638) Direct3D11 vs_5_0 ps_5_0, D3D11)","WebGL 1.0 (OpenGL ES 2.0 Chromium)","{""level"":48,""charging"":false,""chargingTime"":null,""dischargingTime"":5274}","1.2","2401:4900:8f56:57fe:d4fc:bfe4:e4fb:2ebf","Indore","Madhya Pradesh","IN","22.717","75.8337","Bharti Airtel Ltd., Telemedia Services","","1754029197781","Not)A;Brand 8;Chromium 138;Microsoft Edge 138","{""vendor"":""Google Inc. (AMD)"",""renderer"":""ANGLE (AMD, AMD Radeon(TM) Graphics (0x00001638) Direct3D11 vs_5_0 ps_5_0, D3D11)"",""driver"":""WebGL 1.0 (OpenGL ES 2.0 Chromium)""}","Apple Silicon","","","","","","1.2","unknown","no","no","1183","en-US","","https:","rutujdhodapkar.vercel.app","/","portrait-primary","1.25","8GB","48","","Infinity","5274","IN","unknown","Asia/Kolkata","e:3647670360;e:3611484904;122.170.198.110;e:2711177685;e:2237659279;e:548195465;e:780478009;e:2090351710;e:1482591492;e:246687461;e:10341461;e:1984325480;e:1384175154;e:3694969435;e:777928787;e:699723027;e:1537610208;e:4094453201;e:4196765537;e:2822280454;e:2365465692;e:3579743347;e:658247291;e:550937403","24","","true","","","low","low","","1","1","1","audioinput:unnamed;videoinput:unnamed;audiooutput:unnamed","2814fa09","1b4c24c2","timeout","4g","4.9","150","5","PDF Viewer;Chrome PDF Viewer;Chromium PDF Viewer;Microsoft Edge PDF Viewer;WebKit built-in PDF","[object Object]","true","true","true","true","true","true","true","true","xruhhvsik","1754029197781_pz9ui"
"2025-08-04T08:42:54.501Z","Mon Aug 04 2025 01:42:54 GMT-0700 (Pacific Daylight Time)","America/Los_Angeles","420","Mozilla/5.0 (Windows NT 10.0; Win64; x64) AppleWebKit/537.36 (KHTML, like Gecko) Chrome/138.0.0.0 Safari/537.36 Edg/138.0.0.0","Win32","en-US","12","8","true","1","https://www.linkedin.com/","https://rutujdhodapkar.vercel.app/","1536x864","1536x816","24","24","unknown","Google Inc. (AMD)","ANGLE (AMD, AMD Radeon(TM) Graphics (0x00001638) Direct3D11 vs_5_0 ps_5_0, D3D11)","WebGL 1.0 (OpenGL ES 2.0 Chromium)","{""level"":52,""charging"":false,""chargingTime"":null,""dischargingTime"":10171}","1.9","2401:4900:8f54:356b:5096:c1d5:4a35:fa48","Indore","Madhya Pradesh","IN","22.717","75.8337","Bharti Airtel Ltd., Telemedia Services","","1754296974515","Not)A;Brand 8;Chromium 138;Microsoft Edge 138","{""vendor"":""Google Inc. (AMD)"",""renderer"":""ANGLE (AMD, AMD Radeon(TM) Graphics (0x00001638) Direct3D11 vs_5_0 ps_5_0, D3D11)"",""driver"":""WebGL 1.0 (OpenGL ES 2.0 Chromium)""}","Apple Silicon","","","","","","1.9","unknown","no","no","1315","en-US","","https:","rutujdhodapkar.vercel.app","/","landscape-primary","1.25","8GB","52","","Infinity","10171","IN","unknown","Asia/Kolkata","e:380705153;e:2307247851;122.170.195.86;e:1240180812;e:1006195903;e:2948434818;e:814308584;e:4041685583;e:2197145276;e:3984561934;e:1917534308;e:2988779203;e:3224885808;e:1733995001;e:3399619944;e:2786524191;e:2194689349;e:1130618794;e:4003160891;e:2184153676;e:2800302870;e:3512463488;e:2091076625;e:886117436","24","","true","","","low","low","","1","1","1","audioinput:unnamed;videoinput:unnamed;audiooutput:unnamed","2814fa09","1b4c24c2","timeout","4g","10","50","5","PDF Viewer;Chrome PDF Viewer;Chromium PDF Viewer;Microsoft Edge PDF Viewer;WebKit built-in PDF","[object Object]","true","true","true","true","true","true","true","true","nci5dvsz6","1754296974515_i7dq1"
"2025-08-05T12:50:12.500Z","Tue Aug 05 2025 18:20:12 GMT+0530 (India Standard Time)","Asia/Calcutta","-330","Mozilla/5.0 (Linux; Android 10; K) AppleWebKit/537.36 (KHTML, like Gecko) Chrome/138.0.0.0 Mobile Safari/537.36","Linux armv81","en-GB","8","8","true","not_specified","android-app://com.linkedin.android/","https://rutujdhodapkar.vercel.app/","360x804","360x804","24","24","unknown","Qualcomm","Adreno (TM) 642L","WebGL 1.0 (OpenGL ES 2.0 Chromium)","{""level"":95,""charging"":false,""chargingTime"":null,""dischargingTime"":6}","2.9","2409:40c2:601e:81bb:90cb:fdff:fed2:c48e","Nashik","Maharashtra","IN","20.0024","73.7945","Reliance Jio Infocomm Limited","","1754398212514","Not)A;Brand 8;Chromium 138;Google Chrome 138","{""vendor"":""Qualcomm"",""renderer"":""Adreno (TM) 642L"",""driver"":""WebGL 1.0 (OpenGL ES 2.0 Chromium)""}","Apple Silicon","","","","","","2.9","unknown","no","no","2197","en-GB","","https:","rutujdhodapkar.vercel.app","/","portrait-primary","3","8GB","95","","Infinity","6","IN","unknown","Asia/Kolkata","192.0.0.2;e:904752015;e:2176938652;152.59.61.193;e:987994451;e:505751561;e:3910367372;e:3467926640;e:2500488246;e:3877146821;e:2628914871;e:3138726475;e:3769309709;e:2461656830;e:211276750;e:724629298;e:43793287;e:1888405364;e:691144586;e:2635996825;e:641529174;e:49955852;e:2545538510;e:2954817842;e:2578595207","25","","true","","","low","low","","1","1","1","audioinput:unnamed;videoinput:unnamed;audiooutput:unnamed","b42c84c","1b54e38b","timeout","3g","0.4","450","","","[object Object]","true","true","true","true","true","true","true","true","udqvbw4ww","1754398212515_mxbz3"
"2025-08-05T12:50:36.832Z","Tue Aug 05 2025 18:20:36 GMT+0530 (India Standard Time)","Asia/Calcutta","-330","Mozilla/5.0 (Linux; Android 15; motorola edge 50 fusion) AppleWebKit/537.36 (KHTML, like Gecko) Chrome/138.0.0.0 Mobile Safari/537.36","Linux armv8l","en-GB,en","8","8","true","not_specified","https://www.google.com/","https://rutujdhodapkar.vercel.app/","360x800","360x800","32","32","unknown","ARM","Mali-G71","WebGL 1.0 (OpenGL ES 2.0 Chromium)","{""level"":100,""charging"":true,""chargingTime"":0,""dischargingTime"":null}","21.1","223.196.67.165","Hyderabad","Telangana","IN","17.3872","78.4621","Vodafone Idea Ltd","","1754398236832","Chromium 138;Not:A-Brand 8;Google Chrome 138","{""vendor"":""ARM"",""renderer"":""Mali-G71"",""driver"":""WebGL 1.0 (OpenGL ES 2.0 Chromium)""}","Apple Silicon","","","","","","21.1","unknown","no","no","21080","en-GB","","https:","rutujdhodapkar.vercel.app","/","portrait-primary","3","8GB","100","true","","Infinity","IN","unknown","Asia/Kolkata","","","","","","","low","low","","1","1","1","audioinput:unnamed;videoinput:unnamed;audiooutput:unnamed","620d3e0f","2d2b5dc","timeout","4g","10","","","","[object Object]","true","true","true","true","true","true","true","true","5ha8hnqjv","1754398236832_8qxzq"
"2025-08-05T12:50:50.823Z","Tue Aug 05 2025 18:20:50 GMT+0530 (India Standard Time)","Asia/Calcutta","-330","Mozilla/5.0 (Linux; Android 10; K) AppleWebKit/537.36 (KHTML, like Gecko) Chrome/138.0.0.0 Mobile Safari/537.36","Linux armv81","en-GB","8","8","true","not_specified","android-app://com.linkedin.android/","https://rutujdhodapkar.vercel.app/","360x804","360x804","24","24","unknown","Qualcomm","Adreno (TM) 642L","WebGL 1.0 (OpenGL ES 2.0 Chromium)","{""level"":95,""charging"":false,""chargingTime"":null,""dischargingTime"":6}","41.3","2409:40c2:601e:81bb:90cb:fdff:fed2:c48e","Nashik","Maharashtra","IN","20.0024","73.7945","Reliance Jio Infocomm Limited","","1754398250909","Not)A;Brand 8;Chromium 138;Google Chrome 138","{""vendor"":""Qualcomm"",""renderer"":""Adreno (TM) 642L"",""driver"":""WebGL 1.0 (OpenGL ES 2.0 Chromium)""}","Apple Silicon","","","","","","41.3","unknown","no","no","1381","en-GB","","https:","rutujdhodapkar.vercel.app","/","portrait-primary","3","8GB","95","","Infinity","6","IN","unknown","Asia/Kolkata","192.0.0.2;e:2224620871;e:2738758075;152.59.61.193;e:2324884750;e:4169142781;e:3442647991;e:3935668043;e:2972432141;e:3275312126;e:1813253684;e:3627554599;e:1662713064;e:1205620146;e:2200788770;e:922830385;e:2351148542;e:2833587364;e:2562805525;e:753751558;e:3003714707;e:2546974153;e:2387883217;e:980954562;e:2170209805","25","","true","","","low","low","","1","1","1","audioinput:unnamed;videoinput:unnamed;audiooutput:unnamed","b42c84c","1b54e38b","423f07a","3g","0.4","450","","","[object Object]","true","true","true","true","true","true","true","true","g2mklp697","1754398250912_c2rd7"
"2025-08-05T12:50:52.389Z","Tue Aug 05 2025 18:20:52 GMT+0530 (India Standard Time)","Asia/Calcutta","-330","Mozilla/5.0 (Linux; Android 10; K) AppleWebKit/537.36 (KHTML, like Gecko) Chrome/138.0.0.0 Mobile Safari/537.36","Linux armv81","en-GB","8","8","true","not_specified","android-app://com.linkedin.android/","https://rutujdhodapkar.vercel.app/","360x804","360x804","24","24","unknown","Qualcomm","Adreno (TM) 642L","WebGL 1.0 (OpenGL ES 2.0 Chromium)","{""level"":95,""charging"":false,""chargingTime"":null,""dischargingTime"":6}","42.8","2409:40c2:601e:81bb:90cb:fdff:fed2:c48e","Nashik","Maharashtra","IN","20.0024","73.7945","Reliance Jio Infocomm Limited","","1754398252428","Not)A;Brand 8;Chromium 138;Google Chrome 138","{""vendor"":""Qualcomm"",""renderer"":""Adreno (TM) 642L"",""driver"":""WebGL 1.0 (OpenGL ES 2.0 Chromium)""}","Apple Silicon","","","","","","42.8","unknown","no","no","1439","en-GB","","https:","rutujdhodapkar.vercel.app","/","portrait-primary","3","8GB","95","","Infinity","6","IN","unknown","Asia/Kolkata","192.0.0.2;e:2983403978;e:2524185910;152.59.61.193;e:3218655619;e:3452581232;e:291924161;e:2773119442;e:510171677;e:984492871;e:4044561801;e:3602135413;e:2366245171;e:4279825856;e:4112265883;e:1093675912;e:4195532871;e:3738464541;e:4217238087;e:1332865876;e:3499471297;e:4099080347;e:889607112;e:2167032539;e:973644052","25","","true","","","low","low","","1","1","1","audioinput:unnamed;videoinput:unnamed;audiooutput:unnamed","b42c84c","1b54e38b","423f07a","3g","0.4","450","","","[object Object]","true","true","true","true","true","true","true","true","eqoc5zkvh","1754398252429_dyp0o"
"2025-08-05T12:53:21.099Z","Tue Aug 05 2025 18:23:21 GMT+0530 (India Standard Time)","Asia/Calcutta","-330","Mozilla/5.0 (Linux; Android 10; K) AppleWebKit/537.36 (KHTML, like Gecko) Chrome/138.0.0.0 Mobile Safari/537.36","Linux armv81","en-IN,en-GB,en-US,en","8","8","true","not_specified","direct","https://rutujdhodapkar.vercel.app/","360x804","360x804","24","24","unknown","Qualcomm","Adreno (TM) 642L","WebGL 1.0 (OpenGL ES 2.0 Chromium)","{""level"":94,""charging"":false,""chargingTime"":null,""dischargingTime"":6}","1.7","2409:40c2:601e:81bb:90cb:fdff:fed2:c48e","Nashik","Maharashtra","IN","20.0024","73.7945","Reliance Jio Infocomm Limited","","1754398401128","Not)A;Brand 8;Chromium 138;Google Chrome 138","{""vendor"":""Qualcomm"",""renderer"":""Adreno (TM) 642L"",""driver"":""WebGL 1.0 (OpenGL ES 2.0 Chromium)""}","Apple Silicon","","","","","","1.7","unknown","no","no","1648","en-IN","","https:","rutujdhodapkar.vercel.app","/","portrait-primary","3","8GB","94","","Infinity","6","IN","unknown","Asia/Kolkata","192.0.0.2;e:4204143056;e:1320827075;152.59.61.193;e:4120433420;e:3512623702;e:3903534641;e:3473674957;e:3869302392;e:2494702219;e:879730944;e:2151921683;e:531096198;e:996234204;e:3573028065;e:1624509938;e:3690391101;e:4281358183;e:1630743123;e:3575591744;e:1257990613;e:1849546895;e:2016496881;e:1603692557;e:1983554744","25","","true","","","low","low","","1","1","1","audioinput:unnamed;videoinput:unnamed;audiooutput:unnamed","355eb903","1b54e38b","timeout","3g","0.45","400","","","[object Object]","true","true","true","true","true","true","true","true","dqd21zoov","1754398401129_nmwz1"
"2025-08-05T12:53:25.756Z","Tue Aug 05 2025 18:23:25 GMT+0530 (India Standard Time)","Asia/Calcutta","-330","Mozilla/5.0 (X11; Linux x86_64) AppleWebKit/537.36 (KHTML, like Gecko) Chrome/138.0.0.0 Safari/537.36","Linux armv81","en-IN,en-GB,en-US,en","8","8","true","not_specified","direct","https://rutujdhodapkar.vercel.app/","360x804","360x804","24","24","unknown","Qualcomm","Adreno (TM) 642L","WebGL 1.0 (OpenGL ES 2.0 Chromium)","{""level"":94,""charging"":false,""chargingTime"":null,""dischargingTime"":6}","1.3","2409:40c2:601e:81bb:90cb:fdff:fed2:c48e","Nashik","Maharashtra","IN","20.0024","73.7945","Reliance Jio Infocomm Limited","","1754398405779","Not)A;Brand 8;Chromium 138;Google Chrome 138","{""vendor"":""Qualcomm"",""renderer"":""Adreno (TM) 642L"",""driver"":""WebGL 1.0 (OpenGL ES 2.0 Chromium)""}","Apple Silicon","","","","","","1.3","unknown","no","no","1217","en-IN","","https:","rutujdhodapkar.vercel.app","/","portrait-primary","3","8GB","94","","Infinity","6","IN","unknown","Asia/Kolkata","192.0.0.2;e:2390039222;e:978912165;152.59.61.193;e:2172381290;e:2780649776;e:1609086131;e:4203602626;e:2408107963;e:2584983933;e:2484337723;e:541058344;e:2602372839;e:3218849725;e:3407802622;e:3971601410;e:3306494135;e:3070747716;e:755825666;e:2569069841;e:570560222;e:113557380;e:623245472;e:2433343923;e:707463804","25","","true","","","low","low","","1","1","1","audioinput:unnamed;videoinput:unnamed;audiooutput:unnamed","355eb903","1b54e38b","timeout","3g","0.45","350","","","[object Object]","true","true","true","true","true","true","true","true","28h257qlv","1754398405780_vdljv"
"2025-08-05T12:53:52.268Z","Tue Aug 05 2025 18:23:52 GMT+0530 (India Standard Time)","Asia/Calcutta","-330","Mozilla/5.0 (X11; Linux x86_64) AppleWebKit/537.36 (KHTML, like Gecko) Chrome/138.0.0.0 Safari/537.36","Linux armv81","en-IN,en-GB,en-US,en","8","8","true","not_specified","direct","https://rutujdhodapkar.vercel.app/","360x804","360x804","24","24","unknown","Qualcomm","Adreno (TM) 642L","WebGL 1.0 (OpenGL ES 2.0 Chromium)","{""level"":94,""charging"":false,""chargingTime"":null,""dischargingTime"":6}","27.8","2409:40c2:601e:81bb:90cb:fdff:fed2:c48e","Nashik","Maharashtra","IN","20.0024","73.7945","Reliance Jio Infocomm Limited","","1754398432297","Not)A;Brand 8;Chromium 138;Google Chrome 138","{""vendor"":""Qualcomm"",""renderer"":""Adreno (TM) 642L"",""driver"":""WebGL 1.0 (OpenGL ES 2.0 Chromium)""}","Apple Silicon","","","","","","27.8","unknown","no","no","1229","en-IN","","https:","rutujdhodapkar.vercel.app","/","portrait-primary","3","8GB","94","","Infinity","6","IN","unknown","Asia/Kolkata","192.0.0.2;e:3806258984;e:1458765371;152.59.61.193;e:3989837300;e:3373704366;e:3887104213;e:3222774825;e:3921373340;e:2611582063;e:3105108654;e:2662536786;e:3305973268;e:3072318183;e:3218007569;e:2557068013;e:2982481496;e:3285709483;e:2106359721;e:1512790869;e:1938266080;e:26569491;e:3645738964;e:4276792104;e:3611715485","25","","true","","","low","low","","1","1","1","audioinput:unnamed;videoinput:unnamed;audiooutput:unnamed","355eb903","1b54e38b","423f07a","3g","0.45","350","","","[object Object]","true","true","true","true","true","true","true","true","7ap7z2rzd","1754398432297_b2685"
"2025-08-05T12:54:57.378Z","Tue Aug 05 2025 18:24:57 GMT+0530 (India Standard Time)","Asia/Calcutta","-330","Mozilla/5.0 (X11; Linux x86_64) AppleWebKit/537.36 (KHTML, like Gecko) Chrome/138.0.0.0 Safari/537.36","Linux armv81","en-IN,en-GB,en-US,en","8","8","true","not_specified","direct","https://rutujdhodapkar.vercel.app/","360x804","360x804","24","24","unknown","Qualcomm","Adreno (TM) 642L","WebGL 1.0 (OpenGL ES 2.0 Chromium)","{""level"":94,""charging"":false,""chargingTime"":null,""dischargingTime"":6}","92.9","2409:40c2:601e:81bb:90cb:fdff:fed2:c48e","Nashik","Maharashtra","IN","20.0024","73.7945","Reliance Jio Infocomm Limited","","1754398497403","Not)A;Brand 8;Chromium 138;Google Chrome 138","{""vendor"":""Qualcomm"",""renderer"":""Adreno (TM) 642L"",""driver"":""WebGL 1.0 (OpenGL ES 2.0 Chromium)""}","Apple Silicon","","","","","","92.9","unknown","no","no","2066","en-IN","","https:","rutujdhodapkar.vercel.app","/","portrait-primary","3","8GB","94","","Infinity","6","IN","unknown","Asia/Kolkata","192.0.0.2;e:3202899652;e:180635607;e:2501909826;152.59.61.193;e:2984684568;e:2513816923;e:816880426;e:1345241237;e:1169536595;e:1781607158;e:3726455781;e:1106864496;e:1698682922;e:1535769760;e:4020626867;e:1418137212;e:1883356966;e:692290374;e:249866170;e:659057423;e:1432000508;e:2510338154;e:2986843286;e:2611695651","25","","true","","","low","low","","1","1","1","audioinput:unnamed;videoinput:unnamed;audiooutput:unnamed","355eb903","1b54e38b","423f07a","3g","1.55","350","","","[object Object]","true","true","true","true","true","true","true","true","352h5qr99","1754398497404_lfrp2"
"2025-08-05T12:55:16.602Z","Tue Aug 05 2025 18:25:16 GMT+0530 (India Standard Time)","Asia/Calcutta","-330","Mozilla/5.0 (X11; Linux x86_64) AppleWebKit/537.36 (KHTML, like Gecko) Chrome/138.0.0.0 Safari/537.36","Linux armv81","en-IN,en-GB,en-US,en","8","8","true","not_specified","direct","https://rutujdhodapkar.vercel.app/","360x804","360x804","24","24","unknown","Qualcomm","Adreno (TM) 642L","WebGL 1.0 (OpenGL ES 2.0 Chromium)","{""level"":94,""charging"":false,""chargingTime"":null,""dischargingTime"":6}","112.1","2409:40c2:601e:81bb:90cb:fdff:fed2:c48e","Nashik","Maharashtra","IN","20.0024","73.7945","Reliance Jio Infocomm Limited","","1754398516623","Not)A;Brand 8;Chromium 138;Google Chrome 138","{""vendor"":""Qualcomm"",""renderer"":""Adreno (TM) 642L"",""driver"":""WebGL 1.0 (OpenGL ES 2.0 Chromium)""}","Apple Silicon","","","","","","112.1","unknown","no","no","1290","en-IN","","https:","rutujdhodapkar.vercel.app","/","portrait-primary","3","8GB","94","","Infinity","6","IN","unknown","Asia/Kolkata","192.0.0.2;e:3716906210;e:1772578289;152.59.61.193;e:3531968062;e:4131602276;e:1973507123;e:1376153807;e:2074786938;e:163070089;e:2872743186;e:2359144942;e:2771483995;e:3609428392;e:2508979359;e:2989283427;e:2608862422;e:3918719013;e:944448246;e:2355575781;e:927322154;e:327377264;e:4269436668;e:1247180783;e:4050951200","25","","true","","","low","low","","1","1","1","audioinput:unnamed;videoinput:unnamed;audiooutput:unnamed","355eb903","1b54e38b","423f07a","3g","1.55","350","","","[object Object]","true","true","true","true","true","true","true","true","ptbiuwuh4","1754398516623_i3bt7"
"2025-08-05T12:55:39.110Z","Tue Aug 05 2025 18:25:39 GMT+0530 (India Standard Time)","Asia/Calcutta","-330","Mozilla/5.0 (X11; Linux x86_64) AppleWebKit/537.36 (KHTML, like Gecko) Chrome/138.0.0.0 Safari/537.36","Linux armv81","en-IN,en-GB,en-US,en","8","8","true","not_specified","direct","https://rutujdhodapkar.vercel.app/","360x804","360x804","24","24","unknown","Qualcomm","Adreno (TM) 642L","WebGL 1.0 (OpenGL ES 2.0 Chromium)","{""level"":94,""charging"":false,""chargingTime"":null,""dischargingTime"":6}","134.6","2409:40c2:601e:81bb:90cb:fdff:fed2:c48e","Nashik","Maharashtra","IN","20.0024","73.7945","Reliance Jio Infocomm Limited","","1754398539131","Not)A;Brand 8;Chromium 138;Google Chrome 138","{""vendor"":""Qualcomm"",""renderer"":""Adreno (TM) 642L"",""driver"":""WebGL 1.0 (OpenGL ES 2.0 Chromium)""}","Apple Silicon","","","","","","134.6","unknown","no","no","1310","en-IN","","https:","rutujdhodapkar.vercel.app","/","portrait-primary","3","8GB","94","","Infinity","6","IN","unknown","Asia/Kolkata","192.0.0.2;e:3008026411;e:124177976;e:2558694573;152.59.61.193;e:3158582775;e:2220226061;e:813297438;e:2337998033;e:2946348427;e:2944701354;e:2284042070;e:2710535139;e:3550316304;e:155720765;e:3177448750;e:105311969;e:578838459;e:2801440449;e:316051410;e:2851365917;e:2368918855;e:3226686854;e:1954499733;e:3479021402","25","","true","","","low","low","","1","1","1","audioinput:unnamed;videoinput:unnamed;audiooutput:unnamed","355eb903","1b54e38b","423f07a","3g","1.55","350","","","[object Object]","true","true","true","true","true","true","true","true","clip0b0eg","1754398539132_vk8c3"
"2025-08-05T12:58:48.272Z","Tue Aug 05 2025 18:28:48 GMT+0530 (India Standard Time)","Asia/Calcutta","-330","Mozilla/5.0 (X11; Linux x86_64) AppleWebKit/537.36 (KHTML, like Gecko) Chrome/138.0.0.0 Safari/537.36","Linux armv81","en-IN,en-GB,en-US,en","8","8","true","not_specified","direct","https://rutujdhodapkar.vercel.app/","360x804","360x804","24","24","unknown","Qualcomm","Adreno (TM) 642L","WebGL 1.0 (OpenGL ES 2.0 Chromium)","{""level"":93,""charging"":false,""chargingTime"":null,""dischargingTime"":6}","323.8","2409:40c2:601e:81bb:90cb:fdff:fed2:c48e","Nashik","Maharashtra","IN","20.0024","73.7945","Reliance Jio Infocomm Limited","","1754398728306","Not)A;Brand 8;Chromium 138;Google Chrome 138","{""vendor"":""Qualcomm"",""renderer"":""Adreno (TM) 642L"",""driver"":""WebGL 1.0 (OpenGL ES 2.0 Chromium)""}","Apple Silicon","","","","","","323.8","unknown","no","no","1689","en-IN","","https:","rutujdhodapkar.vercel.app","/","portrait-primary","3","8GB","93","","Infinity","6","IN","unknown","Asia/Kolkata","192.0.0.2;e:3242729473;e:1969502482;e:3934282631;152.59.61.207;e:3460747997;e:1665107100;e:3608386959;e:1815180864;e:1224197914;e:3949671603;e:1598500256;e:3831875183;e:3231938357;e:1212363123;e:4235143264;e:1196278703;e:1670083317;e:1093154143;e:1720652195;e:1026630117;e:1327750422;e:4166213707;e:1283422552;e:4150104727","25","","true","","","low","low","","1","1","1","audioinput:unnamed;videoinput:unnamed;audiooutput:unnamed","355eb903","1b54e38b","423f07a","3g","1.55","350","","","[object Object]","true","true","true","true","true","true","true","true","8mvkx6ha1","1754398728307_ofhhg"
"2025-08-05T12:59:11.676Z","Tue Aug 05 2025 18:29:11 GMT+0530 (India Standard Time)","Asia/Calcutta","-330","Mozilla/5.0 (X11; Linux x86_64) AppleWebKit/537.36 (KHTML, like Gecko) Chrome/138.0.0.0 Safari/537.36","Linux armv81","en-IN,en-GB,en-US,en","8","8","true","not_specified","direct","https://rutujdhodapkar.vercel.app/","360x804","360x804","24","24","unknown","Qualcomm","Adreno (TM) 642L","WebGL 1.0 (OpenGL ES 2.0 Chromium)","{""level"":93,""charging"":false,""chargingTime"":null,""dischargingTime"":6}","347.2","2409:40c2:601e:81bb:90cb:fdff:fed2:c48e","Nashik","Maharashtra","IN","20.0024","73.7945","Reliance Jio Infocomm Limited","","1754398751701","Not)A;Brand 8;Chromium 138;Google Chrome 138","{""vendor"":""Qualcomm"",""renderer"":""Adreno (TM) 642L"",""driver"":""WebGL 1.0 (OpenGL ES 2.0 Chromium)""}","Apple Silicon","","","","","","347.2","unknown","no","no","1389","en-IN","","https:","rutujdhodapkar.vercel.app","/","portrait-primary","3","8GB","93","","Infinity","6","IN","unknown","Asia/Kolkata","192.0.0.2;e:2949622743;e:467907268;152.59.61.207;e:2697025803;e:2215110737;e:1405327406;e:3891233085;e:2014043048;e:1556966130;e:2871661953;e:2358063485;e:3610444091;e:2770468296;e:1124627367;e:4146358964;e:1275494779;e:1757425697;e:2162358785;e:2806374141;e:4244369083;e:2397639240;e:3935816492;e:3442536400;e:3835437925","25","","true","","","low","low","","1","1","1","audioinput:unnamed;videoinput:unnamed;audiooutput:unnamed","355eb903","1b54e38b","423f07a","4g","10","250","","","[object Object]","true","true","true","true","true","true","true","true","xl3ivd1iv","1754398751701_45adw"
"2025-08-05T12:59:24.600Z","Tue Aug 05 2025 18:29:24 GMT+0530 (India Standard Time)","Asia/Calcutta","-330","Mozilla/5.0 (X11; Linux x86_64) AppleWebKit/537.36 (KHTML, like Gecko) Chrome/138.0.0.0 Safari/537.36","Linux armv81","en-IN,en-GB,en-US,en","8","8","true","not_specified","direct","https://rutujdhodapkar.vercel.app/","360x804","360x804","24","24","unknown","Qualcomm","Adreno (TM) 642L","WebGL 1.0 (OpenGL ES 2.0 Chromium)","{""level"":93,""charging"":false,""chargingTime"":null,""dischargingTime"":6}","360.1","2409:40c2:601e:81bb:90cb:fdff:fed2:c48e","Nashik","Maharashtra","IN","20.0024","73.7945","Reliance Jio Infocomm Limited","","1754398764632","Not)A;Brand 8;Chromium 138;Google Chrome 138","{""vendor"":""Qualcomm"",""renderer"":""Adreno (TM) 642L"",""driver"":""WebGL 1.0 (OpenGL ES 2.0 Chromium)""}","Apple Silicon","","","","","","360.1","unknown","no","no","1509","en-IN","","https:","rutujdhodapkar.vercel.app","/","portrait-primary","3","8GB","93","","Infinity","6","IN","unknown","Asia/Kolkata","192.0.0.2;e:3951214214;e:3425016442;152.59.61.207;e:3850983119;e:2543561276;e:4012073448;e:1527740667;e:3761083188;e:3303744110;e:3125810822;e:2650223226;e:3025927887;e:3326673468;e:3626281739;e:1812509208;e:3609876951;e:4092389517;e:2374175424;e:967775187;e:2789951814;e:2190342172;e:1457216619;e:3807855992;e:1507176119","25","","true","","","low","low","","1","1","1","audioinput:unnamed;videoinput:unnamed;audiooutput:unnamed","355eb903","1b54e38b","423f07a","3g","1.55","400","","","[object Object]","true","true","true","true","true","true","true","true","6kcefzkmn","1754398764632_axyh5"
"2025-08-05T13:00:25.842Z","Tue Aug 05 2025 18:30:25 GMT+0530 (India Standard Time)","Asia/Calcutta","-330","Mozilla/5.0 (X11; Linux x86_64) AppleWebKit/537.36 (KHTML, like Gecko) Chrome/138.0.0.0 Safari/537.36","Linux armv81","en-IN,en-GB,en-US,en","8","8","true","not_specified","android-app://com.linkedin.android/","https://rutujdhodapkar.vercel.app/","360x804","360x804","24","24","unknown","Qualcomm","Adreno (TM) 642L","WebGL 1.0 (OpenGL ES 2.0 Chromium)","{""level"":93,""charging"":false,""chargingTime"":null,""dischargingTime"":6}","2.8","2409:40c2:601e:81bb:90cb:fdff:fed2:c48e","Nashik","Maharashtra","IN","20.0024","73.7945","Reliance Jio Infocomm Limited","","1754398825862","Not)A;Brand 8;Chromium 138;Google Chrome 138","{""vendor"":""Qualcomm"",""renderer"":""Adreno (TM) 642L"",""driver"":""WebGL 1.0 (OpenGL ES 2.0 Chromium)""}","Apple Silicon","","","","","","2.8","unknown","no","no","2110","en-IN","","https:","rutujdhodapkar.vercel.app","/","portrait-primary","3","8GB","93","","Infinity","6","IN","unknown","Asia/Kolkata","192.0.0.2;e:3943069199;e:1596616476;152.59.61.207;e:3825763539;e:3234739593;e:3546633120;e:4106385244;e:2944157466;e:3715021801;e:1007768084;e:2285718279;e:857710792;e:400101778;e:2434567700;e:623941383;e:2652011720;e:3134508434;e:872019075;e:341758079;e:1340137529;e:1039277258;e:1569462909;e:3919577966;e:1384310945","25","","true","","","low","low","","1","1","1","audioinput:unnamed;videoinput:unnamed;audiooutput:unnamed","355eb903","1b54e38b","timeout","3g","0.4","300","","","[object Object]","true","true","true","true","true","true","true","true","wlp1sq3lx","1754398825863_ca6c4"
"2025-08-05T13:00:30.788Z","Tue Aug 05 2025 18:30:30 GMT+0530 (India Standard Time)","Asia/Calcutta","-330","Mozilla/5.0 (Linux; Android 10; K) AppleWebKit/537.36 (KHTML, like Gecko) Chrome/138.0.0.0 Mobile Safari/537.36","Linux armv81","en-IN,en-GB,en-US,en","8","8","true","not_specified","android-app://com.linkedin.android/","https://rutujdhodapkar.vercel.app/","360x804","360x804","24","24","unknown","Qualcomm","Adreno (TM) 642L","WebGL 1.0 (OpenGL ES 2.0 Chromium)","{""level"":93,""charging"":false,""chargingTime"":null,""dischargingTime"":6}","1.3","2409:40c2:601e:81bb:90cb:fdff:fed2:c48e","Nashik","Maharashtra","IN","20.0024","73.7945","Reliance Jio Infocomm Limited","","1754398830808","Not)A;Brand 8;Chromium 138;Google Chrome 138","{""vendor"":""Qualcomm"",""renderer"":""Adreno (TM) 642L"",""driver"":""WebGL 1.0 (OpenGL ES 2.0 Chromium)""}","Apple Silicon","","","","","","1.3","unknown","no","no","1295","en-IN","","https:","rutujdhodapkar.vercel.app","/","portrait-primary","3","8GB","93","","Infinity","6","IN","unknown","Asia/Kolkata","192.0.0.2;e:3560006230;e:1612544837;e:4294517200;152.59.61.207;e:3678376074;e:775229181;e:2585335790;e:557579297;e:100486523;e:2251421230;e:592748639;e:1137376224;e:1448185126;e:530783942;e:939801146;e:1673136764;e:296285839;e:3660885962;e:4254305078;e:3560916867;e:2788014960;e:2850737379;e:2387470367;e:2816550058","25","","true","","","low","low","","1","1","1","audioinput:unnamed;videoinput:unnamed;audiooutput:unnamed","355eb903","1b54e38b","timeout","3g","0.4","300","","","[object Object]","true","true","true","true","true","true","true","true","048orrpws","1754398830808_2q4xi"
"2025-08-05T14:26:15.334Z","Tue Aug 05 2025 07:26:15 GMT-0700 (Pacific Daylight Time)","America/Los_Angeles","420","Mozilla/5.0 (Windows NT 10.0; Win64; x64) AppleWebKit/537.36 (KHTML, like Gecko) Chrome/138.0.0.0 Safari/537.36","Win32","en-GB,en-US,en","12","8","true","not_specified","direct","https://rutujdhodapkar.vercel.app/","1536x864","1536x816","24","24","unknown","Google Inc. (AMD)","ANGLE (AMD, AMD Radeon(TM) Graphics (0x00001638) Direct3D11 vs_5_0 ps_5_0, D3D11)","WebGL 1.0 (OpenGL ES 2.0 Chromium)","{""level"":74,""charging"":false,""chargingTime"":null,""dischargingTime"":9302}","23.3","2401:4900:8f54:356b:611d:1063:4210:a52c","Indore","Madhya Pradesh","IN","22.717","75.8337","Bharti Airtel Ltd., Telemedia Services","","1754403975350","Not)A;Brand 8;Chromium 138;Google Chrome 138","{""vendor"":""Google Inc. (AMD)"",""renderer"":""ANGLE (AMD, AMD Radeon(TM) Graphics (0x00001638) Direct3D11 vs_5_0 ps_5_0, D3D11)"",""driver"":""WebGL 1.0 (OpenGL ES 2.0 Chromium)""}","Apple Silicon","","","","","","23.3","unknown","no","no","16423","en-GB","","https:","rutujdhodapkar.vercel.app","/","landscape-primary","1.25","8GB","74","","Infinity","9302","IN","unknown","Asia/Kolkata","e:43277388;e:1065912193;e:1825999433;e:2302552223;e:4128752931;e:3406503662;e:1216350309;e:2909317811;e:3203451835;e:2213286006;e:1658036166;e:1607418891;122.170.194.37;e:1265375030","14","","true","","","low","low","","1","1","1","audioinput:unnamed;videoinput:unnamed;audiooutput:unnamed","2814fa09","1b4c24c2","timeout","4g","10","100","5","PDF Viewer;Chrome PDF Viewer;Chromium PDF Viewer;Microsoft Edge PDF Viewer;WebKit built-in PDF","[object Object]","true","true","true","true","true","true","true","true","bjnxjt39k","1754403975350_739kz"
"2025-08-05T14:26:15.290Z","Tue Aug 05 2025 07:26:15 GMT-0700 (Pacific Daylight Time)","America/Los_Angeles","420","Mozilla/5.0 (Windows NT 10.0; Win64; x64) AppleWebKit/537.36 (KHTML, like Gecko) Chrome/138.0.0.0 Safari/537.36","Win32","en-GB,en-US,en","12","8","true","not_specified","direct","https://rutujdhodapkar.vercel.app/","1536x864","1536x816","24","24","unknown","Google Inc. (AMD)","ANGLE (AMD, AMD Radeon(TM) Graphics (0x00001638) Direct3D11 vs_5_0 ps_5_0, D3D11)","WebGL 1.0 (OpenGL ES 2.0 Chromium)","{""level"":74,""charging"":false,""chargingTime"":null,""dischargingTime"":9302}","23.3","2401:4900:8f54:356b:611d:1063:4210:a52c","Indore","Madhya Pradesh","IN","22.717","75.8337","Bharti Airtel Ltd., Telemedia Services","","1754403975307","Not)A;Brand 8;Chromium 138;Google Chrome 138","{""vendor"":""Google Inc. (AMD)"",""renderer"":""ANGLE (AMD, AMD Radeon(TM) Graphics (0x00001638) Direct3D11 vs_5_0 ps_5_0, D3D11)"",""driver"":""WebGL 1.0 (OpenGL ES 2.0 Chromium)""}","Apple Silicon","","","","","","23.3","unknown","no","no","15865","en-GB","","https:","rutujdhodapkar.vercel.app","/","landscape-primary","1.25","8GB","74","","Infinity","9302","IN","unknown","Asia/Kolkata","e:2753402370;e:1106588884;e:3773837903;e:85495961;e:2664514999;e:2067392353;e:2753056367;e:2567214498;e:2381062791;e:2968582474;e:338813546;e:4057546940;122.170.194.37;e:2846207998","14","","true","","","low","low","","1","1","1","audioinput:unnamed;videoinput:unnamed;audiooutput:unnamed","2814fa09","1b4c24c2","timeout","4g","10","100","5","PDF Viewer;Chrome PDF Viewer;Chromium PDF Viewer;Microsoft Edge PDF Viewer;WebKit built-in PDF","[object Object]","true","true","true","true","true","true","true","true","qaiyn8x6a","1754403975308_5fzs4"
"2025-08-07T04:17:43.419Z","Thu Aug 07 2025 09:47:43 GMT+0530 (India Standard Time)","Asia/Calcutta","-330","Mozilla/5.0 (Linux; Android 10; K) AppleWebKit/537.36 (KHTML, like Gecko) Chrome/138.0.0.0 Mobile Safari/537.36","Linux armv81","en-US,en","8","2","true","not_specified","direct","https://rutujdhodapkar.vercel.app/","360x780","360x780","24","24","unknown","Imagination Technologies","PowerVR Rogue GE8320","WebGL 1.0 (OpenGL ES 2.0 Chromium)","{""level"":13,""charging"":false,""chargingTime"":null,""dischargingTime"":513}","2.8","2401:4900:881d:e78b:8081:9bdd:2126:5fc1","Nagpur","Maharashtra","IN","21.1463","79.0849","Bharti Airtel Ltd., Telemedia Services","192.168.1.6","1754540263460","Not)A;Brand 8;Chromium 138;Google Chrome 138","{""vendor"":""Imagination Technologies"",""renderer"":""PowerVR Rogue GE8320"",""driver"":""WebGL 1.0 (OpenGL ES 2.0 Chromium)""}","Apple Silicon","","","","","","2.6","unknown","no","no","1893","en-US","","https:","rutujdhodapkar.vercel.app","/","portrait-primary","2","2GB","13","","Infinity","513","IN","unknown","Asia/Kolkata","192.168.1.6;e:3724357721;e:650481696;223.185.38.242;e:2005432935;e:1397672765;e:1526497861;e:2713985596;e:4035561595;e:3561978145;e:1299085371;e:2709677156;e:845683029;e:1081796006;e:2280731237;e:136268708;e:3952994089;e:4261843439;e:2732476788;e:1311921451;e:2949305577;e:3721930778;e:2018758994;e:2204856619;e:3525745516","25","true","true","","","low","low","","1","1","1","audioinput:unnamed;videoinput:unnamed;audiooutput:unnamed","278fbe69","4d0e6a7e","timeout","4g","1.6","50","","","[object Object]","true","true","true","true","true","true","true","true","1hi0ssrgm","1754540263462_q8rws"
"2025-08-07T15:21:58.152Z","Thu Aug 07 2025 08:21:58 GMT-0700 (Pacific Daylight Time)","America/Los_Angeles","420","Mozilla/5.0 (Windows NT 10.0; Win64; x64) AppleWebKit/537.36 (KHTML, like Gecko) Chrome/138.0.0.0 Safari/537.36 Edg/138.0.0.0","Win32","en-US","12","8","true","1","direct","https://rutujdhodapkar.vercel.app/","1536x864","1536x816","24","24","unknown","Google Inc. (AMD)","ANGLE (AMD, AMD Radeon(TM) Graphics (0x00001638) Direct3D11 vs_5_0 ps_5_0, D3D11)","WebGL 1.0 (OpenGL ES 2.0 Chromium)","{""level"":91,""charging"":false,""chargingTime"":null,""dischargingTime"":24762}","2.9","2401:4900:881d:e78b:a090:e28a:2004:b176","Nagpur","Maharashtra","IN","21.1463","79.0849","Bharti Airtel Ltd., Telemedia Services","","1754580118174","Not)A;Brand 8;Chromium 138;Microsoft Edge 138","{""vendor"":""Google Inc. (AMD)"",""renderer"":""ANGLE (AMD, AMD Radeon(TM) Graphics (0x00001638) Direct3D11 vs_5_0 ps_5_0, D3D11)"",""driver"":""WebGL 1.0 (OpenGL ES 2.0 Chromium)""}","Apple Silicon","","","","","","2.9","unknown","no","no","2247","en-US","","https:","rutujdhodapkar.vercel.app","/","landscape-primary","1.25","8GB","91","","Infinity","24762","IN","unknown","Asia/Kolkata","e:1014360172;e:2033657007;223.185.39.3;e:836564904;e:354043634;e:2525417926;e:186017771;e:1391668044;e:551671743;e:4028966730;e:3043486601;e:3645540820;e:4253825166;e:3955284522;e:2927761129;e:3865691630;e:3266278580;e:2035099581;e:1007676286;e:1961113721;e:1344440611;e:2238760123;e:3224504440;e:2295978879","24","","true","","","low","low","","1","1","1","audioinput:unnamed;videoinput:unnamed;audiooutput:unnamed","2814fa09","1b4c24c2","timeout","4g","1.25","250","5","PDF Viewer;Chrome PDF Viewer;Chromium PDF Viewer;Microsoft Edge PDF Viewer;WebKit built-in PDF","[object Object]","true","true","true","true","true","true","true","true","kqbi2ru5h","1754580118175_tfv30"
"2025-08-07T15:24:12.160Z","Thu Aug 07 2025 08:24:12 GMT-0700 (Pacific Daylight Time)","America/Los_Angeles","420","Mozilla/5.0 (Windows NT 10.0; Win64; x64) AppleWebKit/537.36 (KHTML, like Gecko) Chrome/138.0.0.0 Safari/537.36 Edg/138.0.0.0","Win32","en-US","12","8","true","1","direct","https://rutujdhodapkar.vercel.app/","1536x864","1536x816","24","24","unknown","Google Inc. (AMD)","ANGLE (AMD, AMD Radeon(TM) Graphics (0x00001638) Direct3D11 vs_5_0 ps_5_0, D3D11)","WebGL 1.0 (OpenGL ES 2.0 Chromium)","{""level"":91,""charging"":false,""chargingTime"":null,""dischargingTime"":24762}","136.9","2401:4900:881d:e78b:a090:e28a:2004:b176","Nagpur","Maharashtra","IN","21.1463","79.0849","Bharti Airtel Ltd., Telemedia Services","","1754580252178","Not)A;Brand 8;Chromium 138;Microsoft Edge 138","{""vendor"":""Google Inc. (AMD)"",""renderer"":""ANGLE (AMD, AMD Radeon(TM) Graphics (0x00001638) Direct3D11 vs_5_0 ps_5_0, D3D11)"",""driver"":""WebGL 1.0 (OpenGL ES 2.0 Chromium)""}","Apple Silicon","","","","","","136.9","unknown","no","no","1568","en-US","","https:","rutujdhodapkar.vercel.app","/","landscape-primary","1.25","8GB","91","","Infinity","24762","IN","unknown","Asia/Kolkata","e:3899189449;e:2905220106;223.185.39.3;e:3854694157;e:3238479447;e:2043246501;e:1015790438;e:1952475233;e:1353111867;e:2819330113;e:3981008002;e:2170830559;e:2778894213;e:165257592;e:2487818069;e:3450625010;e:3216942849;e:337396094;e:2307716947;e:3496590324;e:2725988103;e:3817282740;e:2797981815;e:3995992944","24","","true","","","low","low","","1","1","1","audioinput:unnamed;videoinput:unnamed;audiooutput:unnamed","2814fa09","1b4c24c2","timeout","4g","2.65","200","5","PDF Viewer;Chrome PDF Viewer;Chromium PDF Viewer;Microsoft Edge PDF Viewer;WebKit built-in PDF","[object Object]","true","true","true","true","true","true","true","true","36094339t","1754580252178_xed0c"
"2025-08-07T15:26:33.948Z","Thu Aug 07 2025 08:26:33 GMT-0700 (Pacific Daylight Time)","America/Los_Angeles","420","Mozilla/5.0 (Windows NT 10.0; Win64; x64) AppleWebKit/537.36 (KHTML, like Gecko) Chrome/138.0.0.0 Safari/537.36 Edg/138.0.0.0","Win32","en-US","12","8","true","1","direct","https://rutujdhodapkar.vercel.app/","1536x864","1536x816","24","24","unknown","Google Inc. (AMD)","ANGLE (AMD, AMD Radeon(TM) Graphics (0x00001638) Direct3D11 vs_5_0 ps_5_0, D3D11)","WebGL 1.0 (OpenGL ES 2.0 Chromium)","{""level"":90,""charging"":false,""chargingTime"":null,""dischargingTime"":20540}","278.7","2401:4900:881d:e78b:a090:e28a:2004:b176","Nagpur","Maharashtra","IN","21.1463","79.0849","Bharti Airtel Ltd., Telemedia Services","","1754580393969","Not)A;Brand 8;Chromium 138;Microsoft Edge 138","{""vendor"":""Google Inc. (AMD)"",""renderer"":""ANGLE (AMD, AMD Radeon(TM) Graphics (0x00001638) Direct3D11 vs_5_0 ps_5_0, D3D11)"",""driver"":""WebGL 1.0 (OpenGL ES 2.0 Chromium)""}","Apple Silicon","","","","","","278.7","unknown","no","no","1915","en-US","","https:","rutujdhodapkar.vercel.app","/","landscape-primary","1.25","8GB","90","","Infinity","20540","IN","unknown","Asia/Kolkata","e:3436186507;e:2308097864;e:3854542101;223.185.39.3;e:3245937743;e:3679639802;e:2651853881;e:4064114276;e:3606824766;e:1319960229;e:200159846;e:1124458849;e:1740853307;e:2001934823;e:840029476;e:1581037433;e:2063205923;e:2928180022;e:857263387;e:418348367;e:1794998716;e:3222908399;e:1569266626;e:74209125","24","","true","","","low","low","","1","1","1","audioinput:unnamed;videoinput:unnamed;audiooutput:unnamed","2814fa09","1b4c24c2","423f07a","4g","2.65","200","5","PDF Viewer;Chrome PDF Viewer;Chromium PDF Viewer;Microsoft Edge PDF Viewer;WebKit built-in PDF","[object Object]","true","true","true","true","true","true","true","true","343y24jk7","1754580393970_l204h"
"2025-08-07T15:32:39.737Z","Thu Aug 07 2025 08:32:39 GMT-0700 (Pacific Daylight Time)","America/Los_Angeles","420","Mozilla/5.0 (Windows NT 10.0; Win64; x64) AppleWebKit/537.36 (KHTML, like Gecko) Chrome/138.0.0.0 Safari/537.36 Edg/138.0.0.0","Win32","en-US","12","8","true","1","direct","https://rutujdhodapkar.vercel.app/","1536x864","1536x816","24","24","unknown","Google Inc. (AMD)","ANGLE (AMD, AMD Radeon(TM) Graphics (0x00001638) Direct3D11 vs_5_0 ps_5_0, D3D11)","WebGL 1.0 (OpenGL ES 2.0 Chromium)","{""level"":88,""charging"":false,""chargingTime"":null,""dischargingTime"":15640}","2.2","2401:4900:881d:e78b:a090:e28a:2004:b176","Nagpur","Maharashtra","IN","21.1463","79.0849","Bharti Airtel Ltd., Telemedia Services","","1754580759754","Not)A;Brand 8;Chromium 138;Microsoft Edge 138","{""vendor"":""Google Inc. (AMD)"",""renderer"":""ANGLE (AMD, AMD Radeon(TM) Graphics (0x00001638) Direct3D11 vs_5_0 ps_5_0, D3D11)"",""driver"":""WebGL 1.0 (OpenGL ES 2.0 Chromium)""}","Apple Silicon","","","","","","2.2","unknown","no","no","1806","en-US","","https:","rutujdhodapkar.vercel.app","/","landscape-primary","1.25","8GB","88","","Infinity","15640","IN","unknown","Asia/Kolkata","e:959446095;e:2087530636;223.185.39.3;e:881255307;e:272650961;e:946796580;e:2100049127;e:902293472;e:285300410;e:1171606133;e:9930422;e:1824187627;e:1216107953;e:1433676702;e:3370425779;e:2432815380;e:3809684967;e:2212253916;e:508356337;e:1202301526;e:901469861;e:3890771966;e:2729098045;e:3930155066","24","","true","","","low","low","","1","1","1","audioinput:unnamed;videoinput:unnamed;audiooutput:unnamed","2814fa09","1b4c24c2","timeout","4g","2.75","200","5","PDF Viewer;Chrome PDF Viewer;Chromium PDF Viewer;Microsoft Edge PDF Viewer;WebKit built-in PDF","[object Object]","true","true","true","true","true","true","true","true","d3v7161j7","1754580759755_zfy4p"
"2025-08-10T12:39:54.158Z","Sun Aug 10 2025 05:39:54 GMT-0700 (Pacific Daylight Time)","America/Los_Angeles","420","Mozilla/5.0 (Windows NT 10.0; Win64; x64) AppleWebKit/537.36 (KHTML, like Gecko) Chrome/139.0.0.0 Safari/537.36 Edg/139.0.0.0","Win32","en-US","12","8","true","1","https://www.linkedin.com/","https://rutujdhodapkar.vercel.app/","1536x864","1536x816","24","24","unknown","Google Inc. (AMD)","ANGLE (AMD, AMD Radeon(TM) Graphics (0x00001638) Direct3D11 vs_5_0 ps_5_0, D3D11)","WebGL 1.0 (OpenGL ES 2.0 Chromium)","{""level"":67,""charging"":false,""chargingTime"":null,""dischargingTime"":5745}","2.6","2401:4900:8f57:e550:49a2:251e:1a59:412f","Pune","Maharashtra","IN","18.5211","73.8502","Bharti Airtel Ltd., Telemedia Services","","1754829594174","Not;A=Brand 99;Microsoft Edge 139;Chromium 139","{""vendor"":""Google Inc. (AMD)"",""renderer"":""ANGLE (AMD, AMD Radeon(TM) Graphics (0x00001638) Direct3D11 vs_5_0 ps_5_0, D3D11)"",""driver"":""WebGL 1.0 (OpenGL ES 2.0 Chromium)""}","Apple Silicon","","","","","","2.6","unknown","no","no","2002","en-US","","https:","rutujdhodapkar.vercel.app","/","landscape-primary","1.25","8GB","67","","Infinity","5745","IN","unknown","Asia/Kolkata","e:2898271475;e:1271154050;122.170.195.46;e:508616516;e:1816273847;e:2094933143;e:2614787558;e:3461277472;e:3160153043;e:3822698563;e:3292300720;e:3060692655;e:2460534773;e:4136401250;e:294133779;e:1142733525;e:906905126;e:421620816;e:4263851297;e:2880548839;e:3651359508;e:4184597417;e:510638808;e:1274748958","24","","true","","","low","low","","1","1","1","audioinput:unnamed;videoinput:unnamed;audiooutput:unnamed","450afea9","1b4c24c2","timeout","4g","5.2","150","5","PDF Viewer;Chrome PDF Viewer;Chromium PDF Viewer;Microsoft Edge PDF Viewer;WebKit built-in PDF","[object Object]","true","true","true","true","true","true","true","true","99qckwwux","1754829594175_j3j37"
"2025-08-13T05:31:39.161Z","Tue Aug 12 2025 22:31:39 GMT-0700 (Pacific Daylight Time)","America/Los_Angeles","420","Mozilla/5.0 (Windows NT 10.0; Win64; x64) AppleWebKit/537.36 (KHTML, like Gecko) Chrome/139.0.0.0 Safari/537.36 Edg/139.0.0.0","Win32","en-US","12","8","true","1","https://t.co/","https://rutujdhodapkar.vercel.app/","1536x864","1536x816","24","24","unknown","Google Inc. (AMD)","ANGLE (AMD, AMD Radeon(TM) Graphics (0x00001638) Direct3D11 vs_5_0 ps_5_0, D3D11)","WebGL 1.0 (OpenGL ES 2.0 Chromium)","{""level"":46,""charging"":false,""chargingTime"":null,""dischargingTime"":2747}","2.1","2401:4900:8fcb:be53:49e9:ba3e:4d9c:3fde","Pune","Maharashtra","IN","18.5211","73.8502","Bharti Airtel Ltd., Telemedia Services","","1755063099181","Not;A=Brand 99;Microsoft Edge 139;Chromium 139","{""vendor"":""Google Inc. (AMD)"",""renderer"":""ANGLE (AMD, AMD Radeon(TM) Graphics (0x00001638) Direct3D11 vs_5_0 ps_5_0, D3D11)"",""driver"":""WebGL 1.0 (OpenGL ES 2.0 Chromium)""}","Apple Silicon","","","","","","2.1","unknown","no","no","1410","en-US","","https:","rutujdhodapkar.vercel.app","/","landscape-primary","1.25","8GB","46","","Infinity","2747","IN","unknown","Asia/Kolkata","e:2753210821;e:2132897241;106.215.178.253;e:3776354299;e:2466540296;e:1266320898;e:1604379017;e:2929206989;e:2321454999;e:579583427;e:911333960;e:3819940950;e:3345554700;e:382408695;e:34697340;e:4079597368;e:3622766178;e:782262040;e:4120615684;e:431922645;e:1806459174;e:2373961190;e:2577769069;e:1281086579","24","","true","","","low","low","","1","1","1","audioinput:unnamed;videoinput:unnamed;audiooutput:unnamed","450afea9","1b4c24c2","timeout","4g","3.8","150","5","PDF Viewer;Chrome PDF Viewer;Chromium PDF Viewer;Microsoft Edge PDF Viewer;WebKit built-in PDF","[object Object]","true","true","true","true","true","true","true","true","dto4u4bfn","1755063099182_gcs4p"
"2025-08-13T05:31:40.164Z","Tue Aug 12 2025 22:31:40 GMT-0700 (Pacific Daylight Time)","America/Los_Angeles","420","Mozilla/5.0 (Windows NT 10.0; Win64; x64) AppleWebKit/537.36 (KHTML, like Gecko) Chrome/139.0.0.0 Safari/537.36 Edg/139.0.0.0","Win32","en-US","12","8","true","1","https://t.co/","https://rutujdhodapkar.vercel.app/","1536x864","1536x816","24","24","unknown","Google Inc. (AMD)","ANGLE (AMD, AMD Radeon(TM) Graphics (0x00001638) Direct3D11 vs_5_0 ps_5_0, D3D11)","WebGL 1.0 (OpenGL ES 2.0 Chromium)","{""level"":46,""charging"":false,""chargingTime"":null,""dischargingTime"":2747}","3.1","2401:4900:8fcb:be53:49e9:ba3e:4d9c:3fde","Pune","Maharashtra","IN","18.5211","73.8502","Bharti Airtel Ltd., Telemedia Services","","1755063100186","Not;A=Brand 99;Microsoft Edge 139;Chromium 139","{""vendor"":""Google Inc. (AMD)"",""renderer"":""ANGLE (AMD, AMD Radeon(TM) Graphics (0x00001638) Direct3D11 vs_5_0 ps_5_0, D3D11)"",""driver"":""WebGL 1.0 (OpenGL ES 2.0 Chromium)""}","Apple Silicon","","","","","","3.1","unknown","no","no","1886","en-US","","https:","rutujdhodapkar.vercel.app","/","landscape-primary","1.25","8GB","46","","Infinity","2747","IN","unknown","Asia/Kolkata","e:3058727598;e:2726960421;e:1404230241;106.215.178.253;e:2004118331;e:3103497956;e:1673550584;e:4260864218;e:2414173225;e:3376000381;e:302147937;e:2352321347;e:4263997360;e:2667627058;e:2346362297;e:2061656829;e:1579471783;e:3368789362;e:334520686;e:4292175807;e:2378668876;e:2268201508;e:2481481135;e:1175851953","24","","true","","","low","low","","1","1","1","audioinput:unnamed;videoinput:unnamed;audiooutput:unnamed","450afea9","1b4c24c2","timeout","4g","3.8","150","5","PDF Viewer;Chrome PDF Viewer;Chromium PDF Viewer;Microsoft Edge PDF Viewer;WebKit built-in PDF","[object Object]","true","true","true","true","true","true","true","true","02gy11od4","1755063100186_nxs2n"
"2025-08-18T16:28:31.785Z","Mon Aug 18 2025 09:28:31 GMT-0700 (Pacific Daylight Time)","America/Los_Angeles","420","Mozilla/5.0 (Windows NT 10.0; Win64; x64) AppleWebKit/537.36 (KHTML, like Gecko) Chrome/139.0.0.0 Safari/537.36 Edg/139.0.0.0","Win32","en-US","12","8","true","1","direct","https://rutujdhodapkar.vercel.app/","1536x864","1536x816","24","24","unknown","Google Inc. (AMD)","ANGLE (AMD, AMD Radeon(TM) Graphics (0x00001638) Direct3D11 vs_5_0 ps_5_0, D3D11)","WebGL 1.0 (OpenGL ES 2.0 Chromium)","{""level"":77,""charging"":true,""chargingTime"":null,""dischargingTime"":null}","2.7","2401:4900:8f54:4588:e892:6e8d:67fc:64e0","Pune","Maharashtra","IN","18.5211","73.8502","Bharti Airtel Ltd., Telemedia Services","","1755534511795","Not;A=Brand 99;Microsoft Edge 139;Chromium 139","{""vendor"":""Google Inc. (AMD)"",""renderer"":""ANGLE (AMD, AMD Radeon(TM) Graphics (0x00001638) Direct3D11 vs_5_0 ps_5_0, D3D11)"",""driver"":""WebGL 1.0 (OpenGL ES 2.0 Chromium)""}","Apple Silicon","","","","","","2.7","unknown","no","no","1970","en-US","","https:","rutujdhodapkar.vercel.app","/","landscape-primary","1.25","8GB","77","true","Infinity","Infinity","IN","unknown","Asia/Kolkata","e:3793171469;e:3880943982;e:2018482918;122.170.199.161;e:1842670624;e:2859822108;e:2127239499;e:4012241841;e:2637631298;e:1247771641;e:3213099483;e:3334161769;e:3799905331;e:1897916296;e:2778829535;e:1180533974;e:877623333;e:2110164236;e:2283665198;e:4045583260;e:3588489926;e:377897575;e:3258464048;e:1406590410","24","","true","","","low","low","","1","1","1","audioinput:unnamed;videoinput:unnamed;audiooutput:unnamed","450afea9","1b4c24c2","timeout","4g","4.85","200","5","PDF Viewer;Chrome PDF Viewer;Chromium PDF Viewer;Microsoft Edge PDF Viewer;WebKit built-in PDF","[object Object]","true","true","true","true","true","true","true","true","2owvdt59e","1755534511795_dcbk0"
"2025-08-18T16:28:34.178Z","Mon Aug 18 2025 09:28:34 GMT-0700 (Pacific Daylight Time)","America/Los_Angeles","420","Mozilla/5.0 (Windows NT 10.0; Win64; x64) AppleWebKit/537.36 (KHTML, like Gecko) Chrome/139.0.0.0 Safari/537.36 Edg/139.0.0.0","Win32","en-US","12","8","true","1","direct","https://rutujdhodapkar.vercel.app/","1536x864","1536x816","24","24","unknown","Google Inc. (AMD)","ANGLE (AMD, AMD Radeon(TM) Graphics (0x00001638) Direct3D11 vs_5_0 ps_5_0, D3D11)","WebGL 1.0 (OpenGL ES 2.0 Chromium)","{""level"":77,""charging"":true,""chargingTime"":null,""dischargingTime"":null}","5.1","2401:4900:8f54:4588:e892:6e8d:67fc:64e0","Pune","Maharashtra","IN","18.5211","73.8502","Bharti Airtel Ltd., Telemedia Services","","1755534514187","Not;A=Brand 99;Microsoft Edge 139;Chromium 139","{""vendor"":""Google Inc. (AMD)"",""renderer"":""ANGLE (AMD, AMD Radeon(TM) Graphics (0x00001638) Direct3D11 vs_5_0 ps_5_0, D3D11)"",""driver"":""WebGL 1.0 (OpenGL ES 2.0 Chromium)""}","Apple Silicon","","","","","","5.1","unknown","no","no","1511","en-US","","https:","rutujdhodapkar.vercel.app","/","landscape-primary","1.25","8GB","77","true","Infinity","Infinity","IN","unknown","Asia/Kolkata","e:1905603548;e:2219723262;e:4252044620;122.170.199.161;e:3652697110;e:2628492347;e:1769006617;e:273654443;e:881398769;e:1726079075;e:2992608564;e:598835150;e:1369670461;e:2190934416;e:1445557447;e:3351748157;e:3050660558;e:3301032695;e:823834837;e:1826835773;e:1210448999;e:4220672375;e:4275563540;e:1951498586","24","","true","","","low","low","","1","1","1","audioinput:unnamed;videoinput:unnamed;audiooutput:unnamed","450afea9","1b4c24c2","timeout","4g","4.85","200","5","PDF Viewer;Chrome PDF Viewer;Chromium PDF Viewer;Microsoft Edge PDF Viewer;WebKit built-in PDF","[object Object]","true","true","true","true","true","true","true","true","usl4dcl9r","1755534514187_lgqdc"
"2025-08-18T16:28:39.138Z","Mon Aug 18 2025 09:28:39 GMT-0700 (Pacific Daylight Time)","America/Los_Angeles","420","Mozilla/5.0 (Windows NT 10.0; Win64; x64) AppleWebKit/537.36 (KHTML, like Gecko) Chrome/139.0.0.0 Safari/537.36 Edg/139.0.0.0","Win32","en-US","12","8","true","1","direct","https://rutujdhodapkar.vercel.app/","1536x864","1536x816","24","24","unknown","Google Inc. (AMD)","ANGLE (AMD, AMD Radeon(TM) Graphics (0x00001638) Direct3D11 vs_5_0 ps_5_0, D3D11)","WebGL 1.0 (OpenGL ES 2.0 Chromium)","{""level"":77,""charging"":true,""chargingTime"":null,""dischargingTime"":null}","10.1","2401:4900:8f54:4588:e892:6e8d:67fc:64e0","Pune","Maharashtra","IN","18.5211","73.8502","Bharti Airtel Ltd., Telemedia Services","","1755534519155","Not;A=Brand 99;Microsoft Edge 139;Chromium 139","{""vendor"":""Google Inc. (AMD)"",""renderer"":""ANGLE (AMD, AMD Radeon(TM) Graphics (0x00001638) Direct3D11 vs_5_0 ps_5_0, D3D11)"",""driver"":""WebGL 1.0 (OpenGL ES 2.0 Chromium)""}","Apple Silicon","","","","","","10.1","unknown","no","no","1461","en-US","","https:","rutujdhodapkar.vercel.app","/","landscape-primary","1.25","8GB","77","true","Infinity","Infinity","IN","unknown","Asia/Kolkata","e:1449021608;e:2743413386;e:3669651000;122.170.199.161;e:4269596514;e:3219918024;e:1245148906;e:399409922;e:856175192;e:2443045893;e:1682347559;e:968844239;e:494523029;e:806888728;e:3317915450;e:2553981650;e:3170638728;e:664319860;e:4079403555;e:1657284825;e:282776618;e:731321025;e:3729549539;e:2209717515","24","","true","","","low","low","","1","1","1","audioinput:unnamed;videoinput:unnamed;audiooutput:unnamed","450afea9","1b4c24c2","timeout","4g","4.85","200","5","PDF Viewer;Chrome PDF Viewer;Chromium PDF Viewer;Microsoft Edge PDF Viewer;WebKit built-in PDF","[object Object]","true","true","true","true","true","true","true","true","glq4cpvjc","1755534519155_dh1ax"
"2025-08-18T16:28:50.171Z","Mon Aug 18 2025 09:28:50 GMT-0700 (Pacific Daylight Time)","America/Los_Angeles","420","Mozilla/5.0 (Windows NT 10.0; Win64; x64) AppleWebKit/537.36 (KHTML, like Gecko) Chrome/139.0.0.0 Safari/537.36 Edg/139.0.0.0","Win32","en-US","12","8","true","1","direct","https://rutujdhodapkar.vercel.app/","1536x864","1536x816","24","24","unknown","Google Inc. (AMD)","ANGLE (AMD, AMD Radeon(TM) Graphics (0x00001638) Direct3D11 vs_5_0 ps_5_0, D3D11)","WebGL 1.0 (OpenGL ES 2.0 Chromium)","{""level"":77,""charging"":true,""chargingTime"":null,""dischargingTime"":null}","21.1","2401:4900:8f54:4588:e892:6e8d:67fc:64e0","Pune","Maharashtra","IN","18.5211","73.8502","Bharti Airtel Ltd., Telemedia Services","","1755534530181","Not;A=Brand 99;Microsoft Edge 139;Chromium 139","{""vendor"":""Google Inc. (AMD)"",""renderer"":""ANGLE (AMD, AMD Radeon(TM) Graphics (0x00001638) Direct3D11 vs_5_0 ps_5_0, D3D11)"",""driver"":""WebGL 1.0 (OpenGL ES 2.0 Chromium)""}","Apple Silicon","","","","","","21.1","unknown","no","no","1463","en-US","","https:","rutujdhodapkar.vercel.app","/","landscape-primary","1.25","8GB","77","true","Infinity","Infinity","IN","unknown","Asia/Kolkata","e:2002486707;e:2189492113;122.170.199.161;e:3749251705;e:4223646499;e:497575522;e:3899857984;e:2437699826;e:3045779880;e:3679812427;e:781058409;e:1937241217;e:1471235547;e:2633998389;e:1764022807;e:886910975;e:270245541;e:1282376764;e:3115646494;e:3830254582;e:3230382764;e:2273031043;e:2185103072;e:146303918","24","","true","","","low","low","","1","1","1","audioinput:unnamed;videoinput:unnamed;audiooutput:unnamed","450afea9","1b4c24c2","423f07a","4g","1.95","250","5","PDF Viewer;Chrome PDF Viewer;Chromium PDF Viewer;Microsoft Edge PDF Viewer;WebKit built-in PDF","[object Object]","true","true","true","true","true","true","true","true","q5sejzl1h","1755534530181_b8squ"
"2025-08-18T16:29:06.422Z","Mon Aug 18 2025 09:29:06 GMT-0700 (Pacific Daylight Time)","America/Los_Angeles","420","Mozilla/5.0 (Windows NT 10.0; Win64; x64) AppleWebKit/537.36 (KHTML, like Gecko) Chrome/139.0.0.0 Safari/537.36 Edg/139.0.0.0","Win32","en-US","12","8","true","1","direct","https://rutujdhodapkar.vercel.app/","1536x864","1536x816","24","24","unknown","Google Inc. (AMD)","ANGLE (AMD, AMD Radeon(TM) Graphics (0x00001638) Direct3D11 vs_5_0 ps_5_0, D3D11)","WebGL 1.0 (OpenGL ES 2.0 Chromium)","{""level"":78,""charging"":true,""chargingTime"":null,""dischargingTime"":null}","37.3","2401:4900:8f54:4588:e892:6e8d:67fc:64e0","Pune","Maharashtra","IN","18.5211","73.8502","Bharti Airtel Ltd., Telemedia Services","","1755534546430","Not;A=Brand 99;Microsoft Edge 139;Chromium 139","{""vendor"":""Google Inc. (AMD)"",""renderer"":""ANGLE (AMD, AMD Radeon(TM) Graphics (0x00001638) Direct3D11 vs_5_0 ps_5_0, D3D11)"",""driver"":""WebGL 1.0 (OpenGL ES 2.0 Chromium)""}","Apple Silicon","","","","","","37.3","unknown","no","no","1390","en-US","","https:","rutujdhodapkar.vercel.app","/","landscape-primary","1.25","8GB","78","true","Infinity","Infinity","IN","unknown","Asia/Kolkata","e:1427577668;e:2697748838;e:3656590804;122.170.199.161;e:4248147086;e:255486719;e:4209053917;e:2212385903;e:2803426613;e:213302950;e:4184720516;e:2761175404;e:2152890422;e:3652130427;e:219243308;e:4008539429;e:2633992662;e:3817117949;e:926608810;e:3569810339;e:2798913360;e:50958684;e:4141017982;e:2871729814","24","","true","","","low","low","","1","1","1","audioinput:unnamed;videoinput:unnamed;audiooutput:unnamed","450afea9","1b4c24c2","423f07a","4g","1.95","250","5","PDF Viewer;Chrome PDF Viewer;Chromium PDF Viewer;Microsoft Edge PDF Viewer;WebKit built-in PDF","[object Object]","true","true","true","true","true","true","true","true","2ka42jndf","1755534546430_21e95"
"2025-08-18T16:30:55.444Z","Mon Aug 18 2025 09:30:55 GMT-0700 (Pacific Daylight Time)","America/Los_Angeles","420","Mozilla/5.0 (Windows NT 10.0; Win64; x64) AppleWebKit/537.36 (KHTML, like Gecko) Chrome/139.0.0.0 Safari/537.36 Edg/139.0.0.0","Win32","en-US","12","8","true","1","direct","https://rutujdhodapkar.vercel.app/","1536x864","1536x816","24","24","unknown","Google Inc. (AMD)","ANGLE (AMD, AMD Radeon(TM) Graphics (0x00001638) Direct3D11 vs_5_0 ps_5_0, D3D11)","WebGL 1.0 (OpenGL ES 2.0 Chromium)","{""level"":79,""charging"":true,""chargingTime"":null,""dischargingTime"":null}","146.4","2401:4900:8f54:4588:e892:6e8d:67fc:64e0","Pune","Maharashtra","IN","18.5211","73.8502","Bharti Airtel Ltd., Telemedia Services","","1755534655452","Not;A=Brand 99;Microsoft Edge 139;Chromium 139","{""vendor"":""Google Inc. (AMD)"",""renderer"":""ANGLE (AMD, AMD Radeon(TM) Graphics (0x00001638) Direct3D11 vs_5_0 ps_5_0, D3D11)"",""driver"":""WebGL 1.0 (OpenGL ES 2.0 Chromium)""}","Apple Silicon","","","","","","146.4","unknown","no","no","1444","en-US","","https:","rutujdhodapkar.vercel.app","/","landscape-primary","1.25","8GB","79","true","Infinity","Infinity","IN","unknown","Asia/Kolkata","e:2188990957;e:1455893690;e:3040557747;122.170.199.161;e:3341403712;e:1069722567;e:3950829200;e:2056402026;e:142657689;e:3733945781;e:726927255;e:1991111295;e:1382761253;e:2648833656;e:1230998319;e:3635503573;e:2862849318;e:2200731885;e:1469248954;e:3330023232;e:3027166131;e:1398363463;e:2793549669;e:4219198093","24","","true","","","low","low","","1","1","1","audioinput:unnamed;videoinput:unnamed;audiooutput:unnamed","450afea9","1b4c24c2","423f07a","4g","1.95","250","5","PDF Viewer;Chrome PDF Viewer;Chromium PDF Viewer;Microsoft Edge PDF Viewer;WebKit built-in PDF","[object Object]","true","true","true","true","true","true","true","true","x5z59g6jq","1755534655452_vfl0w"
"2025-08-18T16:31:47.175Z","Mon Aug 18 2025 09:31:47 GMT-0700 (Pacific Daylight Time)","America/Los_Angeles","420","Mozilla/5.0 (Windows NT 10.0; Win64; x64) AppleWebKit/537.36 (KHTML, like Gecko) Chrome/139.0.0.0 Safari/537.36 Edg/139.0.0.0","Win32","en-US","12","8","true","1","direct","https://rutujdhodapkar.vercel.app/","1536x864","1536x816","24","24","unknown","Google Inc. (AMD)","ANGLE (AMD, AMD Radeon(TM) Graphics (0x00001638) Direct3D11 vs_5_0 ps_5_0, D3D11)","WebGL 1.0 (OpenGL ES 2.0 Chromium)","{""level"":80,""charging"":true,""chargingTime"":null,""dischargingTime"":null}","198.1","2401:4900:8f54:4588:e892:6e8d:67fc:64e0","Pune","Maharashtra","IN","18.5211","73.8502","Bharti Airtel Ltd., Telemedia Services","","1755534707184","Not;A=Brand 99;Microsoft Edge 139;Chromium 139","{""vendor"":""Google Inc. (AMD)"",""renderer"":""ANGLE (AMD, AMD Radeon(TM) Graphics (0x00001638) Direct3D11 vs_5_0 ps_5_0, D3D11)"",""driver"":""WebGL 1.0 (OpenGL ES 2.0 Chromium)""}","Apple Silicon","","","","","","198.1","unknown","no","no","1950","en-US","","https:","rutujdhodapkar.vercel.app","/","landscape-primary","1.25","8GB","80","true","Infinity","Infinity","IN","unknown","Asia/Kolkata","e:1987916850;e:1933082961;122.170.199.161;e:4190039071;e:3961887449;e:2859146980;e:1605395654;e:38375726;e:646914164;e:1131484327;e:3064622725;e:3482659383;e:3948125037;e:2521191614;e:1123557865;e:2701408224;e:3541486355;e:2261040032;e:1931460994;e:786838634;e:169903408;e:498699748;e:3372742835;e:1491669577","24","","true","","","low","low","","1","1","1","audioinput:unnamed;videoinput:unnamed;audiooutput:unnamed","450afea9","1b4c24c2","423f07a","4g","1.95","250","5","PDF Viewer;Chrome PDF Viewer;Chromium PDF Viewer;Microsoft Edge PDF Viewer;WebKit built-in PDF","[object Object]","true","true","true","true","true","true","true","true","aanmp39qs","1755534707184_lpx55"
"2025-08-18T16:32:36.680Z","Mon Aug 18 2025 09:32:36 GMT-0700 (Pacific Daylight Time)","America/Los_Angeles","420","Mozilla/5.0 (Windows NT 10.0; Win64; x64) AppleWebKit/537.36 (KHTML, like Gecko) Chrome/139.0.0.0 Safari/537.36 Edg/139.0.0.0","Win32","en-US","12","8","true","1","direct","https://rutujdhodapkar.vercel.app/","1536x864","1536x816","24","24","unknown","Google Inc. (AMD)","ANGLE (AMD, AMD Radeon(TM) Graphics (0x00001638) Direct3D11 vs_5_0 ps_5_0, D3D11)","WebGL 1.0 (OpenGL ES 2.0 Chromium)","{""level"":80,""charging"":true,""chargingTime"":null,""dischargingTime"":null}","247.6","2401:4900:8f54:4588:e892:6e8d:67fc:64e0","Pune","Maharashtra","IN","18.5211","73.8502","Bharti Airtel Ltd., Telemedia Services","","1755534756692","Not;A=Brand 99;Microsoft Edge 139;Chromium 139","{""vendor"":""Google Inc. (AMD)"",""renderer"":""ANGLE (AMD, AMD Radeon(TM) Graphics (0x00001638) Direct3D11 vs_5_0 ps_5_0, D3D11)"",""driver"":""WebGL 1.0 (OpenGL ES 2.0 Chromium)""}","Apple Silicon","","","","","","247.6","unknown","no","no","1565","en-US","","https:","rutujdhodapkar.vercel.app","/","landscape-primary","1.25","8GB","80","true","Infinity","Infinity","IN","unknown","Asia/Kolkata","e:2137129774;e:2327410956;122.170.199.161;e:3611331812;e:4085661118;e:3341461750;e:854708948;e:1271830118;e:1862805308;e:4135123791;e:583437848;e:3241842705;e:3005768930;e:3922393470;e:1031048233;e:2895800019;e:3733494304;e:4282644360;e:177769898;e:1466005570;e:1940375832;e:3669922699;e:234940124;e:2683178022","24","","true","","","low","low","","1","1","1","audioinput:unnamed;videoinput:unnamed;audiooutput:unnamed","450afea9","1b4c24c2","423f07a","4g","1.95","250","5","PDF Viewer;Chrome PDF Viewer;Chromium PDF Viewer;Microsoft Edge PDF Viewer;WebKit built-in PDF","[object Object]","true","true","true","true","true","true","true","true","uieods89c","1755534756692_p1k8m"
"2025-08-18T16:33:33.002Z","Mon Aug 18 2025 09:33:33 GMT-0700 (Pacific Daylight Time)","America/Los_Angeles","420","Mozilla/5.0 (Windows NT 10.0; Win64; x64) AppleWebKit/537.36 (KHTML, like Gecko) Chrome/139.0.0.0 Safari/537.36 Edg/139.0.0.0","Win32","en-US","12","8","true","1","direct","https://rutujdhodapkar.vercel.app/","1536x864","1536x816","24","24","unknown","Google Inc. (AMD)","ANGLE (AMD, AMD Radeon(TM) Graphics (0x00001638) Direct3D11 vs_5_0 ps_5_0, D3D11)","WebGL 1.0 (OpenGL ES 2.0 Chromium)","{""level"":81,""charging"":true,""chargingTime"":null,""dischargingTime"":null}","303.9","2401:4900:8f54:4588:e892:6e8d:67fc:64e0","Pune","Maharashtra","IN","18.5211","73.8502","Bharti Airtel Ltd., Telemedia Services","","1755534813010","Not;A=Brand 99;Microsoft Edge 139;Chromium 139","{""vendor"":""Google Inc. (AMD)"",""renderer"":""ANGLE (AMD, AMD Radeon(TM) Graphics (0x00001638) Direct3D11 vs_5_0 ps_5_0, D3D11)"",""driver"":""WebGL 1.0 (OpenGL ES 2.0 Chromium)""}","Apple Silicon","","","","","","303.9","unknown","no","no","1375","en-US","","https:","rutujdhodapkar.vercel.app","/","landscape-primary","1.25","8GB","81","true","Infinity","Infinity","IN","unknown","Asia/Kolkata","e:74592435;e:4054403729;e:2291535395;122.170.199.161;e:2890973049;e:491977639;e:3901325701;e:2444674359;e:3044045933;e:1944100437;e:2808015618;e:917504504;e:1151532299;e:4176522427;e:743365100;e:3181392662;e:3484602341;e:2229207142;e:1896118852;e:754814892;e:138100470;e:4109615132;e:541963595;e:2980274097","24","","true","","","low","low","","1","1","1","audioinput:unnamed;videoinput:unnamed;audiooutput:unnamed","450afea9","1b4c24c2","423f07a","4g","1.95","250","5","PDF Viewer;Chrome PDF Viewer;Chromium PDF Viewer;Microsoft Edge PDF Viewer;WebKit built-in PDF","[object Object]","true","true","true","true","true","true","true","true","ss2psgw9e","1755534813010_j1npu"
"2025-08-18T16:34:48.474Z","Mon Aug 18 2025 09:34:48 GMT-0700 (Pacific Daylight Time)","America/Los_Angeles","420","Mozilla/5.0 (Windows NT 10.0; Win64; x64) AppleWebKit/537.36 (KHTML, like Gecko) Chrome/139.0.0.0 Safari/537.36 Edg/139.0.0.0","Win32","en-US","12","8","true","1","direct","https://rutujdhodapkar.vercel.app/","1536x864","1536x816","24","24","unknown","Google Inc. (AMD)","ANGLE (AMD, AMD Radeon(TM) Graphics (0x00001638) Direct3D11 vs_5_0 ps_5_0, D3D11)","WebGL 1.0 (OpenGL ES 2.0 Chromium)","{""level"":82,""charging"":true,""chargingTime"":null,""dischargingTime"":null}","379.4","2401:4900:8f54:4588:e892:6e8d:67fc:64e0","Pune","Maharashtra","IN","18.5211","73.8502","Bharti Airtel Ltd., Telemedia Services","","1755534888485","Not;A=Brand 99;Microsoft Edge 139;Chromium 139","{""vendor"":""Google Inc. (AMD)"",""renderer"":""ANGLE (AMD, AMD Radeon(TM) Graphics (0x00001638) Direct3D11 vs_5_0 ps_5_0, D3D11)"",""driver"":""WebGL 1.0 (OpenGL ES 2.0 Chromium)""}","Apple Silicon","","","","","","379.4","unknown","no","no","1416","en-US","","https:","rutujdhodapkar.vercel.app","/","landscape-primary","1.25","8GB","82","true","Infinity","Infinity","IN","unknown","Asia/Kolkata","e:3513024063;e:616498205;122.170.199.161;e:2034692597;e:1568686255;e:1466433863;e:2211869712;e:305700586;e:1613390361;e:3344407927;e:334096416;e:4027973161;e:2181497562;e:2068689822;e:2392246716;e:3547282516;e:4155084046;e:2852000953;e:1545957019;e:31234931;e:622471721;e:2030470101;e:2363357687;e:3508800543","24","","true","","","low","low","","1","1","1","audioinput:unnamed;videoinput:unnamed;audiooutput:unnamed","450afea9","1b4c24c2","423f07a","4g","1.95","250","5","PDF Viewer;Chrome PDF Viewer;Chromium PDF Viewer;Microsoft Edge PDF Viewer;WebKit built-in PDF","[object Object]","true","true","true","true","true","true","true","true","gx9vu1310","1755534888485_ff97c"
"2025-08-25T11:09:33.290Z","Mon Aug 25 2025 16:39:33 GMT+0530 (India Standard Time)","Asia/Calcutta","-330","Mozilla/5.0 (Linux; Android 15; V2504 Build/AP3A.240905.015.A2_V000L1; wv) AppleWebKit/537.36 (KHTML, like Gecko) Version/4.0 Chrome/139.0.7258.94 Mobile Safari/537.36 Instagram 367.0.0.43.90 Android (35/15; 420dpi; 1080x2400; vivo; V2504; V2504; mt6989; en_US; 696010993)","Linux aarch64","en-US","8","8","true","not_specified","https://l.instagram.com/","https://rutujdhodapkar.vercel.app/?fbclid=PAZXh0bgNhZW0CMTEAAadNBNnQCl7LVKS_rfWN0XtL-QuJsFbyjTYuQD0TqY55cb6cnr-71sxojn421Q_aem_an5T8bjIKJqKOdmi3SsVvQ","412x915","412x915","24","24","unknown","ARM","Mali-G720-Immortalis MC12","WebGL 1.0 (OpenGL ES 2.0 Chromium)","{""level"":33,""charging"":true,""chargingTime"":1477,""dischargingTime"":null}","2.0","2409:40c2:117:749d:8000::","Nagpur","Maharashtra","IN","21.1463","79.0849","Reliance Jio Infocomm Limited","","1756120173328","Not;A=Brand 99;Android WebView 139;Chromium 139","{""vendor"":""ARM"",""renderer"":""Mali-G720-Immortalis MC12"",""driver"":""WebGL 1.0 (OpenGL ES 2.0 Chromium)""}","Apple Silicon","","","","","","2.0","unknown","no","no","1412","en-US","","https:","rutujdhodapkar.vercel.app","/","portrait-primary","2.625","8GB","33","true","1477","Infinity","IN","unknown","Asia/Kolkata","192.0.0.4;e:338325221;e:622776275;47.11.7.4;e:4159435990;e:2247690277;e:2353831126;e:1137130990;e:863976538;e:398036224;e:1875725837;e:904042403;e:3636926787;e:3445387141;e:382094391;e:3645762831;e:2368953825;e:2851466427;e:947832580;e:155870770;e:2846728644;e:3686751543;e:420977357;e:3600563189;47.11.16.74;e:2195884827;e:2787392065","27","","true","","","low","low","","1","1","1","audioinput:unnamed;videoinput:unnamed;audiooutput:unnamed","22733404","73fe5eea","423f07a","4g","9.7","","","","[object Object]","true","true","true","true","true","","true","true","p165tse51","1756120173330_qlolb"
"2025-08-26T08:14:59.155Z","Tue Aug 26 2025 13:44:59 GMT+0530 (India Standard Time)","Asia/Calcutta","-330","Mozilla/5.0 (Windows NT 10.0; Win64; x64) AppleWebKit/537.36 (KHTML, like Gecko) Chrome/139.0.0.0 Safari/537.36","Win32","en-US","12","8","true","not_specified","https://rutujdhodapkar.netlify.app/","https://rutujdhodapkar.vercel.app/","1536x864","1536x816","24","24","unknown","Google Inc. (Intel)","ANGLE (Intel, Intel(R) UHD Graphics (0x0000A7A8) Direct3D11 vs_5_0 ps_5_0, D3D11)","WebGL 1.0 (OpenGL ES 2.0 Chromium)","{""level"":37,""charging"":false,""chargingTime"":null,""dischargingTime"":6970}","2.6","2409:40c2:116d:c394:8815:51ea:f160:79cc","Pune","Maharashtra","IN","18.5211","73.8502","Reliance Jio Infocomm Limited","","1756196099204","Not;A=Brand 99;Google Chrome 139;Chromium 139","{""vendor"":""Google Inc. (Intel)"",""renderer"":""ANGLE (Intel, Intel(R) UHD Graphics (0x0000A7A8) Direct3D11 vs_5_0 ps_5_0, D3D11)"",""driver"":""WebGL 1.0 (OpenGL ES 2.0 Chromium)""}","Apple Silicon","","","","","","2.6","unknown","no","no","2136","en-US","","https:","rutujdhodapkar.vercel.app","/","landscape-primary","1.25","8GB","37","","Infinity","6970","IN","unknown","Asia/Kolkata","e:2860733444;e:480244705;152.58.30.34;e:247604998;e:2094062581;e:3624808521;e:148388377;e:916721686;e:308453708;e:1227005831;e:4282267746;e:2674987126;e:3982748805;e:1095814383;e:2441529023;e:2335989226;e:2952457392;e:1447804808;e:2258482648;e:2619813517;e:3101794263;e:2341165736;e:1033370957;e:801778090;152.58.30.243;e:1574491481","26","","true","","","low","low","","1","1","1","audioinput:unnamed;videoinput:unnamed;audiooutput:unnamed","29cf4216","2690ebea","timeout","4g","6.5","250","5","PDF Viewer;Chrome PDF Viewer;Chromium PDF Viewer;Microsoft Edge PDF Viewer;WebKit built-in PDF","[object Object]","true","true","true","true","true","true","true","true","sp60tzkyq","1756196099204_xsrt7"
"2025-08-26T08:15:04.975Z","Tue Aug 26 2025 13:45:04 GMT+0530 (India Standard Time)","Asia/Calcutta","-330","Mozilla/5.0 (Windows NT 10.0; Win64; x64) AppleWebKit/537.36 (KHTML, like Gecko) Chrome/139.0.0.0 Safari/537.36","Win32","en-US","12","8","true","not_specified","https://rutujdhodapkar.netlify.app/","https://rutujdhodapkar.vercel.app/","1536x864","1536x816","24","24","unknown","Google Inc. (Intel)","ANGLE (Intel, Intel(R) UHD Graphics (0x0000A7A8) Direct3D11 vs_5_0 ps_5_0, D3D11)","WebGL 1.0 (OpenGL ES 2.0 Chromium)","{""level"":37,""charging"":false,""chargingTime"":null,""dischargingTime"":6970}","8.4","2409:40c2:116d:c394:8815:51ea:f160:79cc","Pune","Maharashtra","IN","18.5211","73.8502","Reliance Jio Infocomm Limited","","1756196104987","Not;A=Brand 99;Google Chrome 139;Chromium 139","{""vendor"":""Google Inc. (Intel)"",""renderer"":""ANGLE (Intel, Intel(R) UHD Graphics (0x0000A7A8) Direct3D11 vs_5_0 ps_5_0, D3D11)"",""driver"":""WebGL 1.0 (OpenGL ES 2.0 Chromium)""}","Apple Silicon","","","","","","8.4","unknown","no","no","1557","en-US","","https:","rutujdhodapkar.vercel.app","/","landscape-primary","1.25","8GB","37","","Infinity","6970","IN","unknown","Asia/Kolkata","e:557600236;e:4058662844;e:3947945193;152.58.30.34;e:3482742195;e:2922418605;e:405550664;e:175235759;e:2019761756;e:580373760;e:2492164837;e:4106502897;e:2262220290;e:3576552224;e:100389232;e:998767487;e:524372517;e:2206271070;e:899523003;e:1439861167;e:666924380;e:3007994089;e:1671189177;e:1574992054;152.58.30.243;e:2032585196","26","","true","","","low","low","","1","1","1","audioinput:unnamed;videoinput:unnamed;audiooutput:unnamed","29cf4216","2690ebea","timeout","4g","6.5","250","5","PDF Viewer;Chrome PDF Viewer;Chromium PDF Viewer;Microsoft Edge PDF Viewer;WebKit built-in PDF","[object Object]","true","true","true","true","true","true","true","true","iogr8x8f7","1756196104987_n2fik"
"2025-08-26T08:15:01.951Z","Tue Aug 26 2025 13:45:01 GMT+0530 (India Standard Time)","Asia/Calcutta","-330","Mozilla/5.0 (Windows NT 10.0; Win64; x64) AppleWebKit/537.36 (KHTML, like Gecko) Chrome/139.0.0.0 Safari/537.36","Win32","en-US","12","8","true","not_specified","https://rutujdhodapkar.netlify.app/","https://rutujdhodapkar.vercel.app/","1536x864","1536x816","24","24","unknown","Google Inc. (Intel)","ANGLE (Intel, Intel(R) UHD Graphics (0x0000A7A8) Direct3D11 vs_5_0 ps_5_0, D3D11)","WebGL 1.0 (OpenGL ES 2.0 Chromium)","{""level"":37,""charging"":false,""chargingTime"":null,""dischargingTime"":6970}","5.4","2409:40c2:116d:c394:8815:51ea:f160:79cc","Pune","Maharashtra","IN","18.5211","73.8502","Reliance Jio Infocomm Limited","","1756196101967","Not;A=Brand 99;Google Chrome 139;Chromium 139","{""vendor"":""Google Inc. (Intel)"",""renderer"":""ANGLE (Intel, Intel(R) UHD Graphics (0x0000A7A8) Direct3D11 vs_5_0 ps_5_0, D3D11)"",""driver"":""WebGL 1.0 (OpenGL ES 2.0 Chromium)""}","Apple Silicon","","","","","","5.3","unknown","no","no","1531","en-US","","https:","rutujdhodapkar.vercel.app","/","landscape-primary","1.25","8GB","37","","Infinity","6970","IN","unknown","Asia/Kolkata","e:4127710290;e:1075542967;152.58.30.34;e:1380364112;e:542397347;e:1264507153;e:2609435457;e:2167556116;e:2784295246;e:744038292;e:2588260465;e:4194996325;e:2283302038;e:249171894;e:3100026963;e:2862316724;e:3632889927;e:3774538444;e:808249500;e:714503113;e:240173715;e:3642283496;e:1862562317;152.58.30.243;e:256596505;e:2103027434","26","","true","","","low","low","","1","1","1","audioinput:unnamed;videoinput:unnamed;audiooutput:unnamed","29cf4216","2690ebea","timeout","4g","6.5","250","5","PDF Viewer;Chrome PDF Viewer;Chromium PDF Viewer;Microsoft Edge PDF Viewer;WebKit built-in PDF","[object Object]","true","true","true","true","true","true","true","true","cvw4kdf09","1756196101968_oy2lc"
"2025-08-26T08:15:21.270Z","Tue Aug 26 2025 13:45:21 GMT+0530 (India Standard Time)","Asia/Calcutta","-330","Mozilla/5.0 (Windows NT 10.0; Win64; x64) AppleWebKit/537.36 (KHTML, like Gecko) Chrome/139.0.0.0 Safari/537.36","Win32","en-US","12","8","true","not_specified","https://rutujdhodapkar.netlify.app/","https://rutujdhodapkar.vercel.app/","1536x864","1536x816","24","24","unknown","Google Inc. (Intel)","ANGLE (Intel, Intel(R) UHD Graphics (0x0000A7A8) Direct3D11 vs_5_0 ps_5_0, D3D11)","WebGL 1.0 (OpenGL ES 2.0 Chromium)","{""level"":37,""charging"":false,""chargingTime"":null,""dischargingTime"":6970}","1.2","2409:40c2:116d:c394:8815:51ea:f160:79cc","Pune","Maharashtra","IN","18.5211","73.8502","Reliance Jio Infocomm Limited","","1756196121283","Not;A=Brand 99;Google Chrome 139;Chromium 139","{""vendor"":""Google Inc. (Intel)"",""renderer"":""ANGLE (Intel, Intel(R) UHD Graphics (0x0000A7A8) Direct3D11 vs_5_0 ps_5_0, D3D11)"",""driver"":""WebGL 1.0 (OpenGL ES 2.0 Chromium)""}","Apple Silicon","","","","","","1.2","unknown","no","no","1199","en-US","","https:","rutujdhodapkar.vercel.app","/","landscape-primary","1.25","8GB","37","","Infinity","6970","IN","unknown","Asia/Kolkata","e:2156025084;e:1347706540;152.58.30.34;e:1848145059;e:1257162233;e:3676990892;e:201091068;e:289864873;e:897601011;e:513239930;e:2827734175;e:3368346763;e:3134593144;e:3142668601;e:1804032873;e:1899872316;e:1442541926;e:2425836386;e:1078024498;e:1526448743;e:2117956413;e:445663983;e:3393601727;e:4097469104;152.58.30.243;e:3506232298","26","","true","","","low","low","","1","1","1","audioinput:unnamed;videoinput:unnamed;audiooutput:unnamed","29cf4216","2690ebea","timeout","4g","6.5","250","5","PDF Viewer;Chrome PDF Viewer;Chromium PDF Viewer;Microsoft Edge PDF Viewer;WebKit built-in PDF","[object Object]","true","true","true","true","true","true","true","true","z282mqb8c","1756196121283_vq2l1"